-- phpMyAdmin SQL Dump
-- version 5.2.1
-- https://www.phpmyadmin.net/
--
-- Host: 127.0.0.1
-- Generation Time: Jan 08, 2026 at 02:56 PM
-- Server version: 10.4.32-MariaDB
-- PHP Version: 8.2.12

SET SQL_MODE = "NO_AUTO_VALUE_ON_ZERO";
START TRANSACTION;
SET time_zone = "+00:00";


/*!40101 SET @OLD_CHARACTER_SET_CLIENT=@@CHARACTER_SET_CLIENT */;
/*!40101 SET @OLD_CHARACTER_SET_RESULTS=@@CHARACTER_SET_RESULTS */;
/*!40101 SET @OLD_COLLATION_CONNECTION=@@COLLATION_CONNECTION */;
/*!40101 SET NAMES utf8mb4 */;

--
-- Database: `hipsterb`
--

-- --------------------------------------------------------

--
-- Table structure for table `cache`
--

CREATE TABLE `cache` (
  `key` varchar(255) NOT NULL,
  `value` mediumtext NOT NULL,
  `expiration` int(11) NOT NULL
) ENGINE=InnoDB DEFAULT CHARSET=utf8mb4 COLLATE=utf8mb4_unicode_ci;

-- --------------------------------------------------------

--
-- Table structure for table `cache_locks`
--

CREATE TABLE `cache_locks` (
  `key` varchar(255) NOT NULL,
  `owner` varchar(255) NOT NULL,
  `expiration` int(11) NOT NULL
) ENGINE=InnoDB DEFAULT CHARSET=utf8mb4 COLLATE=utf8mb4_unicode_ci;

-- --------------------------------------------------------

--
-- Table structure for table `discounts`
--

CREATE TABLE `discounts` (
  `id` bigint(20) UNSIGNED NOT NULL,
  `name` varchar(255) NOT NULL,
  `code` varchar(255) NOT NULL,
  `percentage` decimal(5,2) NOT NULL,
  `max_usage` int(10) UNSIGNED DEFAULT NULL,
  `user_limit` int(10) UNSIGNED NOT NULL DEFAULT 1,
  `starts_at` timestamp NULL DEFAULT NULL,
  `ends_at` timestamp NULL DEFAULT NULL,
  `is_active` tinyint(1) NOT NULL DEFAULT 1,
  `created_at` timestamp NULL DEFAULT NULL,
  `updated_at` timestamp NULL DEFAULT NULL
) ENGINE=InnoDB DEFAULT CHARSET=utf8mb4 COLLATE=utf8mb4_unicode_ci;

--
-- Dumping data for table `discounts`
--

INSERT INTO `discounts` (`id`, `name`, `code`, `percentage`, `max_usage`, `user_limit`, `starts_at`, `ends_at`, `is_active`, `created_at`, `updated_at`) VALUES
(1, 'ipsum aut fuga', 'USALLU', 33.15, NULL, 5, '2025-12-26 06:42:16', '2026-02-04 06:42:16', 1, '2026-01-05 06:42:16', '2026-01-05 06:42:16'),
(2, 'hic ad incidunt', 'ADSKMU', 35.84, NULL, 3, '2025-12-16 06:42:34', '2025-12-31 06:42:34', 1, '2026-01-05 06:42:34', '2026-01-05 06:42:34'),
(3, 'perspiciatis eveniet aperiam', 'UQTCSX', 15.00, NULL, 2, '2025-12-26 07:04:56', '2026-02-04 07:04:56', 1, '2026-01-05 07:04:56', '2026-01-05 07:04:56'),
(4, 'temporibus doloremque expedita', 'LYGVNM', 20.00, NULL, 4, '2025-12-26 08:46:07', '2026-02-04 08:46:07', 1, '2026-01-05 08:46:07', '2026-01-05 08:46:07'),
(5, 'itaque ex possimus', 'BKUVTL', 20.00, NULL, 2, '2025-12-26 08:48:31', '2026-02-04 08:48:31', 1, '2026-01-05 08:48:31', '2026-01-05 08:48:31'),
(6, 'hic et est', 'CNAIWX', 20.00, NULL, 1, '2025-12-26 08:58:53', '2026-02-04 08:58:53', 1, '2026-01-05 08:58:53', '2026-01-05 08:58:53'),
(7, 'incidunt ducimus et', 'AKRFDP', 25.77, NULL, 5, '2025-12-26 23:51:45', '2026-02-04 23:51:45', 1, '2026-01-05 23:51:45', '2026-01-05 23:51:45'),
(8, 'saepe doloremque sit', 'QPWEPB', 20.00, NULL, 5, '2025-12-26 23:55:39', '2026-02-04 23:55:39', 1, '2026-01-05 23:55:39', '2026-01-05 23:55:39'),
(9, 'architecto sunt enim', 'IFBELH', 20.00, NULL, 2, '2025-12-27 00:04:43', '2026-02-05 00:04:43', 1, '2026-01-06 00:04:43', '2026-01-06 00:04:43'),
(10, 'facere nobis et', 'JUMEEM', 20.00, NULL, 3, '2025-12-27 00:13:52', '2026-02-05 00:13:52', 1, '2026-01-06 00:13:52', '2026-01-06 00:13:52'),
(11, 'testD', 'test0101', 60.00, NULL, 3, '2026-01-06 18:30:00', '2026-01-20 18:30:00', 1, '2026-01-07 09:25:32', '2026-01-07 09:25:32'),
(12, 'testDdd', 'test01010101', 60.00, NULL, 4, '2026-01-06 18:30:00', '2026-01-25 18:30:00', 1, '2026-01-07 09:52:06', '2026-01-07 09:52:06'),
(13, 'testDsds', 'test0101dwd', 20.00, NULL, 3, NULL, NULL, 1, '2026-01-07 13:09:13', '2026-01-07 13:09:13'),
(14, 'Welcome Gift', 'WELCOME25', 25.00, NULL, 1, NULL, NULL, 1, '2026-01-08 07:27:43', '2026-01-08 07:27:43'),
(16, 'Welcmmome Gift', 'WELCnnOME25', 25.00, NULL, 1, NULL, NULL, 1, '2026-01-08 07:31:27', '2026-01-08 07:31:27'),
(17, 'Test Discount', 'TEST2026', 20.00, NULL, 1, NULL, NULL, 1, '2026-01-08 07:43:43', '2026-01-08 07:43:43');

-- --------------------------------------------------------

--
-- Table structure for table `discount_audits`
--

CREATE TABLE `discount_audits` (
  `id` bigint(20) UNSIGNED NOT NULL,
  `user_id` bigint(20) UNSIGNED NOT NULL,
  `discount_id` bigint(20) UNSIGNED NOT NULL,
  `action` enum('assign','revoke','apply') NOT NULL,
  `old_usage` int(10) UNSIGNED NOT NULL DEFAULT 0,
  `new_usage` int(10) UNSIGNED NOT NULL,
  `applied_at` timestamp NOT NULL DEFAULT current_timestamp(),
  `ip_address` varchar(45) DEFAULT NULL,
  `created_at` timestamp NULL DEFAULT NULL,
  `updated_at` timestamp NULL DEFAULT NULL
) ENGINE=InnoDB DEFAULT CHARSET=utf8mb4 COLLATE=utf8mb4_unicode_ci;

--
-- Dumping data for table `discount_audits`
--

INSERT INTO `discount_audits` (`id`, `user_id`, `discount_id`, `action`, `old_usage`, `new_usage`, `applied_at`, `ip_address`, `created_at`, `updated_at`) VALUES
(1, 5, 10, 'assign', 0, 0, '2026-01-06 00:13:52', '127.0.0.1', '2026-01-06 00:13:52', '2026-01-06 00:13:52'),
(2, 1, 4, 'assign', 0, 0, '2026-01-07 09:26:15', '127.0.0.1', '2026-01-07 09:26:15', '2026-01-07 09:26:15'),
(3, 1, 4, 'apply', 0, 1, '2026-01-07 09:29:31', '127.0.0.1', '2026-01-07 09:29:31', '2026-01-07 09:29:31'),
(4, 1, 11, 'assign', 0, 0, '2026-01-07 09:44:25', '127.0.0.1', '2026-01-07 09:44:25', '2026-01-07 09:44:25'),
(5, 1, 11, 'revoke', 0, 0, '2026-01-07 09:44:57', '127.0.0.1', '2026-01-07 09:44:57', '2026-01-07 09:44:57'),
(6, 1, 3, 'assign', 0, 0, '2026-01-07 09:52:42', '127.0.0.1', '2026-01-07 09:52:42', '2026-01-07 09:52:42'),
(7, 1, 4, 'apply', 1, 2, '2026-01-07 09:53:07', '127.0.0.1', '2026-01-07 09:53:07', '2026-01-07 09:53:07'),
(8, 1, 3, 'apply', 0, 1, '2026-01-07 09:53:07', '127.0.0.1', '2026-01-07 09:53:07', '2026-01-07 09:53:07'),
(9, 1, 12, 'assign', 0, 0, '2026-01-07 10:24:16', '127.0.0.1', '2026-01-07 10:24:16', '2026-01-07 10:24:16'),
(10, 1, 12, 'apply', 0, 1, '2026-01-07 10:24:33', '127.0.0.1', '2026-01-07 10:24:33', '2026-01-07 10:24:33'),
(11, 1, 4, 'apply', 2, 3, '2026-01-07 10:24:33', '127.0.0.1', '2026-01-07 10:24:33', '2026-01-07 10:24:33'),
(12, 1, 3, 'apply', 1, 2, '2026-01-07 10:24:33', '127.0.0.1', '2026-01-07 10:24:33', '2026-01-07 10:24:33'),
(13, 1, 12, 'apply', 1, 2, '2026-01-07 10:24:55', '127.0.0.1', '2026-01-07 10:24:55', '2026-01-07 10:24:55'),
(14, 1, 4, 'apply', 3, 4, '2026-01-07 10:24:56', '127.0.0.1', '2026-01-07 10:24:56', '2026-01-07 10:24:56'),
(15, 1, 12, 'revoke', 2, 2, '2026-01-07 10:27:56', '127.0.0.1', '2026-01-07 10:27:56', '2026-01-07 10:27:56'),
(16, 1, 4, 'revoke', 4, 4, '2026-01-07 10:28:10', '127.0.0.1', '2026-01-07 10:28:10', '2026-01-07 10:28:10'),
(17, 6, 12, 'assign', 0, 0, '2026-01-07 10:49:17', '127.0.0.1', '2026-01-07 10:49:17', '2026-01-07 10:49:17'),
(18, 6, 11, 'assign', 0, 0, '2026-01-07 12:10:16', '127.0.0.1', '2026-01-07 12:10:16', '2026-01-07 12:10:16'),
(19, 6, 11, 'apply', 0, 1, '2026-01-07 12:10:24', '127.0.0.1', '2026-01-07 12:10:24', '2026-01-07 12:10:24'),
(20, 6, 12, 'apply', 0, 1, '2026-01-07 12:10:24', '127.0.0.1', '2026-01-07 12:10:24', '2026-01-07 12:10:24'),
(21, 6, 11, 'apply', 1, 2, '2026-01-07 13:09:34', '127.0.0.1', '2026-01-07 13:09:34', '2026-01-07 13:09:34'),
(22, 6, 12, 'apply', 1, 2, '2026-01-07 13:09:34', '127.0.0.1', '2026-01-07 13:09:34', '2026-01-07 13:09:34'),
(23, 6, 11, 'apply', 2, 3, '2026-01-08 05:02:56', '127.0.0.1', '2026-01-08 05:02:56', '2026-01-08 05:02:56'),
(24, 6, 12, 'apply', 2, 3, '2026-01-08 05:02:56', '127.0.0.1', '2026-01-08 05:02:56', '2026-01-08 05:02:56'),
(25, 6, 12, 'apply', 3, 4, '2026-01-08 07:32:47', '127.0.0.1', '2026-01-08 07:32:47', '2026-01-08 07:32:47'),
(26, 6, 16, 'assign', 0, 0, '2026-01-08 07:32:55', '127.0.0.1', '2026-01-08 07:32:55', '2026-01-08 07:32:55'),
(27, 6, 16, 'revoke', 0, 0, '2026-01-08 07:33:09', '127.0.0.1', '2026-01-08 07:33:09', '2026-01-08 07:33:09'),
(28, 6, 17, 'assign', 0, 0, '2026-01-08 07:46:14', '127.0.0.1', '2026-01-08 07:46:14', '2026-01-08 07:46:14'),
(29, 6, 16, 'assign', 0, 0, '2026-01-08 07:46:17', '127.0.0.1', '2026-01-08 07:46:17', '2026-01-08 07:46:17'),
(30, 6, 16, 'apply', 0, 1, '2026-01-08 07:46:24', '127.0.0.1', '2026-01-08 07:46:24', '2026-01-08 07:46:24'),
(31, 6, 17, 'apply', 0, 1, '2026-01-08 07:46:24', '127.0.0.1', '2026-01-08 07:46:24', '2026-01-08 07:46:24'),
(32, 6, 10, 'assign', 0, 0, '2026-01-08 07:52:11', '127.0.0.1', '2026-01-08 07:52:11', '2026-01-08 07:52:11'),
(33, 6, 10, 'apply', 0, 1, '2026-01-08 07:52:20', '127.0.0.1', '2026-01-08 07:52:20', '2026-01-08 07:52:20'),
(34, 6, 14, 'assign', 0, 0, '2026-01-08 08:06:34', '127.0.0.1', '2026-01-08 08:06:34', '2026-01-08 08:06:34'),
(39, 6, 14, 'apply', 0, 1, '2026-01-08 08:15:28', '127.0.0.1', '2026-01-08 08:15:28', '2026-01-08 08:15:28'),
(40, 6, 10, 'apply', 1, 2, '2026-01-08 08:15:38', '127.0.0.1', '2026-01-08 08:15:38', '2026-01-08 08:15:38'),
(41, 6, 13, 'assign', 0, 0, '2026-01-08 08:16:25', '127.0.0.1', '2026-01-08 08:16:25', '2026-01-08 08:16:25'),
(42, 6, 10, 'revoke', 2, 2, '2026-01-08 08:17:18', '127.0.0.1', '2026-01-08 08:17:18', '2026-01-08 08:17:18'),
(43, 6, 13, 'apply', 0, 1, '2026-01-08 08:17:42', '127.0.0.1', '2026-01-08 08:17:42', '2026-01-08 08:17:42');

-- --------------------------------------------------------

--
-- Table structure for table `failed_jobs`
--

CREATE TABLE `failed_jobs` (
  `id` bigint(20) UNSIGNED NOT NULL,
  `uuid` varchar(255) NOT NULL,
  `connection` text NOT NULL,
  `queue` text NOT NULL,
  `payload` longtext NOT NULL,
  `exception` longtext NOT NULL,
  `failed_at` timestamp NOT NULL DEFAULT current_timestamp()
) ENGINE=InnoDB DEFAULT CHARSET=utf8mb4 COLLATE=utf8mb4_unicode_ci;

--
-- Dumping data for table `failed_jobs`
--

INSERT INTO `failed_jobs` (`id`, `uuid`, `connection`, `queue`, `payload`, `exception`, `failed_at`) VALUES
(3, '51b07f99-adea-4b86-b9c4-5d6aabfb9009', 'database', 'default', '{\"uuid\":\"51b07f99-adea-4b86-b9c4-5d6aabfb9009\",\"displayName\":\"App\\\\Mail\\\\DiscountAssignedMail\",\"job\":\"Illuminate\\\\Queue\\\\CallQueuedHandler@call\",\"maxTries\":null,\"maxExceptions\":null,\"failOnTimeout\":false,\"backoff\":null,\"timeout\":null,\"retryUntil\":null,\"data\":{\"commandName\":\"Illuminate\\\\Mail\\\\SendQueuedMailable\",\"command\":\"O:34:\\\"Illuminate\\\\Mail\\\\SendQueuedMailable\\\":17:{s:8:\\\"mailable\\\";O:29:\\\"App\\\\Mail\\\\DiscountAssignedMail\\\":3:{s:5:\\\"event\\\";O:42:\\\"Acme\\\\UserDiscounts\\\\Events\\\\DiscountAssigned\\\":3:{s:4:\\\"user\\\";O:45:\\\"Illuminate\\\\Contracts\\\\Database\\\\ModelIdentifier\\\":5:{s:5:\\\"class\\\";s:15:\\\"App\\\\Models\\\\User\\\";s:2:\\\"id\\\";i:6;s:9:\\\"relations\\\";a:0:{}s:10:\\\"connection\\\";s:5:\\\"mysql\\\";s:15:\\\"collectionClass\\\";N;}s:8:\\\"discount\\\";O:45:\\\"Illuminate\\\\Contracts\\\\Database\\\\ModelIdentifier\\\":5:{s:5:\\\"class\\\";s:34:\\\"Acme\\\\UserDiscounts\\\\Models\\\\Discount\\\";s:2:\\\"id\\\";i:17;s:9:\\\"relations\\\";a:0:{}s:10:\\\"connection\\\";s:5:\\\"mysql\\\";s:15:\\\"collectionClass\\\";N;}s:12:\\\"userDiscount\\\";O:45:\\\"Illuminate\\\\Contracts\\\\Database\\\\ModelIdentifier\\\":5:{s:5:\\\"class\\\";s:38:\\\"Acme\\\\UserDiscounts\\\\Models\\\\UserDiscount\\\";s:2:\\\"id\\\";i:9;s:9:\\\"relations\\\";a:0:{}s:10:\\\"connection\\\";s:5:\\\"mysql\\\";s:15:\\\"collectionClass\\\";N;}}s:2:\\\"to\\\";a:1:{i:0;a:2:{s:4:\\\"name\\\";N;s:7:\\\"address\\\";s:36:\\\"pandeynarendra.18080107033@gmail.com\\\";}}s:6:\\\"mailer\\\";s:4:\\\"smtp\\\";}s:5:\\\"tries\\\";N;s:7:\\\"timeout\\\";N;s:13:\\\"maxExceptions\\\";N;s:17:\\\"shouldBeEncrypted\\\";b:0;s:10:\\\"connection\\\";N;s:5:\\\"queue\\\";N;s:12:\\\"messageGroup\\\";N;s:12:\\\"deduplicator\\\";N;s:5:\\\"delay\\\";N;s:11:\\\"afterCommit\\\";N;s:10:\\\"middleware\\\";a:0:{}s:7:\\\"chained\\\";a:0:{}s:15:\\\"chainConnection\\\";N;s:10:\\\"chainQueue\\\";N;s:19:\\\"chainCatchCallbacks\\\";N;s:3:\\\"job\\\";N;}\"},\"createdAt\":1767878176,\"delay\":null}', 'Symfony\\Component\\Routing\\Exception\\RouteNotFoundException: Route [home] not defined. in C:\\xampp8.2\\htdocs\\hipsterB\\test-app\\vendor\\laravel\\framework\\src\\Illuminate\\Routing\\UrlGenerator.php:526\nStack trace:\n#0 C:\\xampp8.2\\htdocs\\hipsterB\\test-app\\vendor\\laravel\\framework\\src\\Illuminate\\Foundation\\helpers.php(871): Illuminate\\Routing\\UrlGenerator->route(\'home\', Array, true)\n#1 C:\\xampp8.2\\htdocs\\hipsterB\\test-app\\storage\\framework\\views\\5aae2f6e3e4c2e09758cc3fa79a78240.php(25): route(\'home\')\n#2 C:\\xampp8.2\\htdocs\\hipsterB\\test-app\\vendor\\laravel\\framework\\src\\Illuminate\\Filesystem\\Filesystem.php(123): require(\'C:\\\\xampp8.2\\\\htd...\')\n#3 C:\\xampp8.2\\htdocs\\hipsterB\\test-app\\vendor\\laravel\\framework\\src\\Illuminate\\Filesystem\\Filesystem.php(124): Illuminate\\Filesystem\\Filesystem::Illuminate\\Filesystem\\{closure}()\n#4 C:\\xampp8.2\\htdocs\\hipsterB\\test-app\\vendor\\laravel\\framework\\src\\Illuminate\\View\\Engines\\PhpEngine.php(57): Illuminate\\Filesystem\\Filesystem->getRequire(\'C:\\\\xampp8.2\\\\htd...\', Array)\n#5 C:\\xampp8.2\\htdocs\\hipsterB\\test-app\\vendor\\laravel\\framework\\src\\Illuminate\\View\\Engines\\CompilerEngine.php(76): Illuminate\\View\\Engines\\PhpEngine->evaluatePath(\'C:\\\\xampp8.2\\\\htd...\', Array)\n#6 C:\\xampp8.2\\htdocs\\hipsterB\\test-app\\vendor\\laravel\\framework\\src\\Illuminate\\View\\View.php(208): Illuminate\\View\\Engines\\CompilerEngine->get(\'C:\\\\xampp8.2\\\\htd...\', Array)\n#7 C:\\xampp8.2\\htdocs\\hipsterB\\test-app\\vendor\\laravel\\framework\\src\\Illuminate\\View\\View.php(191): Illuminate\\View\\View->getContents()\n#8 C:\\xampp8.2\\htdocs\\hipsterB\\test-app\\vendor\\laravel\\framework\\src\\Illuminate\\View\\View.php(160): Illuminate\\View\\View->renderContents()\n#9 C:\\xampp8.2\\htdocs\\hipsterB\\test-app\\vendor\\laravel\\framework\\src\\Illuminate\\Mail\\Markdown.php(93): Illuminate\\View\\View->render()\n#10 [internal function]: Illuminate\\Mail\\Markdown->Illuminate\\Mail\\{closure}()\n#11 C:\\xampp8.2\\htdocs\\hipsterB\\test-app\\vendor\\laravel\\framework\\src\\Illuminate\\View\\Compilers\\BladeCompiler.php(1040): call_user_func(Object(Closure))\n#12 C:\\xampp8.2\\htdocs\\hipsterB\\test-app\\vendor\\laravel\\framework\\src\\Illuminate\\Mail\\Markdown.php(75): Illuminate\\View\\Compilers\\BladeCompiler->usingEchoFormat(\'new \\\\Illuminate...\', Object(Closure))\n#13 C:\\xampp8.2\\htdocs\\hipsterB\\test-app\\vendor\\laravel\\framework\\src\\Illuminate\\Mail\\Mailable.php(387): Illuminate\\Mail\\Markdown->render(\'emails.discount...\', Array)\n#14 C:\\xampp8.2\\htdocs\\hipsterB\\test-app\\vendor\\laravel\\framework\\src\\Illuminate\\Collections\\helpers.php(266): Illuminate\\Mail\\Mailable->Illuminate\\Mail\\{closure}(Array)\n#15 C:\\xampp8.2\\htdocs\\hipsterB\\test-app\\vendor\\laravel\\framework\\src\\Illuminate\\Mail\\Mailer.php(440): value(Object(Closure), Array)\n#16 C:\\xampp8.2\\htdocs\\hipsterB\\test-app\\vendor\\laravel\\framework\\src\\Illuminate\\Mail\\Mailer.php(419): Illuminate\\Mail\\Mailer->renderView(Object(Closure), Array)\n#17 C:\\xampp8.2\\htdocs\\hipsterB\\test-app\\vendor\\laravel\\framework\\src\\Illuminate\\Mail\\Mailer.php(312): Illuminate\\Mail\\Mailer->addContent(Object(Illuminate\\Mail\\Message), Object(Closure), Object(Closure), NULL, Array)\n#18 C:\\xampp8.2\\htdocs\\hipsterB\\test-app\\vendor\\laravel\\framework\\src\\Illuminate\\Mail\\Mailable.php(207): Illuminate\\Mail\\Mailer->send(Object(Closure), Array, Object(Closure))\n#19 C:\\xampp8.2\\htdocs\\hipsterB\\test-app\\vendor\\laravel\\framework\\src\\Illuminate\\Support\\Traits\\Localizable.php(19): Illuminate\\Mail\\Mailable->Illuminate\\Mail\\{closure}()\n#20 C:\\xampp8.2\\htdocs\\hipsterB\\test-app\\vendor\\laravel\\framework\\src\\Illuminate\\Mail\\Mailable.php(200): Illuminate\\Mail\\Mailable->withLocale(NULL, Object(Closure))\n#21 C:\\xampp8.2\\htdocs\\hipsterB\\test-app\\vendor\\laravel\\framework\\src\\Illuminate\\Mail\\SendQueuedMailable.php(82): Illuminate\\Mail\\Mailable->send(Object(Illuminate\\Mail\\MailManager))\n#22 C:\\xampp8.2\\htdocs\\hipsterB\\test-app\\vendor\\laravel\\framework\\src\\Illuminate\\Container\\BoundMethod.php(36): Illuminate\\Mail\\SendQueuedMailable->handle(Object(Illuminate\\Mail\\MailManager))\n#23 C:\\xampp8.2\\htdocs\\hipsterB\\test-app\\vendor\\laravel\\framework\\src\\Illuminate\\Container\\Util.php(43): Illuminate\\Container\\BoundMethod::Illuminate\\Container\\{closure}()\n#24 C:\\xampp8.2\\htdocs\\hipsterB\\test-app\\vendor\\laravel\\framework\\src\\Illuminate\\Container\\BoundMethod.php(96): Illuminate\\Container\\Util::unwrapIfClosure(Object(Closure))\n#25 C:\\xampp8.2\\htdocs\\hipsterB\\test-app\\vendor\\laravel\\framework\\src\\Illuminate\\Container\\BoundMethod.php(35): Illuminate\\Container\\BoundMethod::callBoundMethod(Object(Illuminate\\Foundation\\Application), Array, Object(Closure))\n#26 C:\\xampp8.2\\htdocs\\hipsterB\\test-app\\vendor\\laravel\\framework\\src\\Illuminate\\Container\\Container.php(799): Illuminate\\Container\\BoundMethod::call(Object(Illuminate\\Foundation\\Application), Array, Array, NULL)\n#27 C:\\xampp8.2\\htdocs\\hipsterB\\test-app\\vendor\\laravel\\framework\\src\\Illuminate\\Bus\\Dispatcher.php(129): Illuminate\\Container\\Container->call(Array)\n#28 C:\\xampp8.2\\htdocs\\hipsterB\\test-app\\vendor\\laravel\\framework\\src\\Illuminate\\Pipeline\\Pipeline.php(180): Illuminate\\Bus\\Dispatcher->Illuminate\\Bus\\{closure}(Object(Illuminate\\Mail\\SendQueuedMailable))\n#29 C:\\xampp8.2\\htdocs\\hipsterB\\test-app\\vendor\\laravel\\framework\\src\\Illuminate\\Pipeline\\Pipeline.php(137): Illuminate\\Pipeline\\Pipeline->Illuminate\\Pipeline\\{closure}(Object(Illuminate\\Mail\\SendQueuedMailable))\n#30 C:\\xampp8.2\\htdocs\\hipsterB\\test-app\\vendor\\laravel\\framework\\src\\Illuminate\\Bus\\Dispatcher.php(133): Illuminate\\Pipeline\\Pipeline->then(Object(Closure))\n#31 C:\\xampp8.2\\htdocs\\hipsterB\\test-app\\vendor\\laravel\\framework\\src\\Illuminate\\Queue\\CallQueuedHandler.php(134): Illuminate\\Bus\\Dispatcher->dispatchNow(Object(Illuminate\\Mail\\SendQueuedMailable), false)\n#32 C:\\xampp8.2\\htdocs\\hipsterB\\test-app\\vendor\\laravel\\framework\\src\\Illuminate\\Pipeline\\Pipeline.php(180): Illuminate\\Queue\\CallQueuedHandler->Illuminate\\Queue\\{closure}(Object(Illuminate\\Mail\\SendQueuedMailable))\n#33 C:\\xampp8.2\\htdocs\\hipsterB\\test-app\\vendor\\laravel\\framework\\src\\Illuminate\\Pipeline\\Pipeline.php(137): Illuminate\\Pipeline\\Pipeline->Illuminate\\Pipeline\\{closure}(Object(Illuminate\\Mail\\SendQueuedMailable))\n#34 C:\\xampp8.2\\htdocs\\hipsterB\\test-app\\vendor\\laravel\\framework\\src\\Illuminate\\Queue\\CallQueuedHandler.php(127): Illuminate\\Pipeline\\Pipeline->then(Object(Closure))\n#35 C:\\xampp8.2\\htdocs\\hipsterB\\test-app\\vendor\\laravel\\framework\\src\\Illuminate\\Queue\\CallQueuedHandler.php(68): Illuminate\\Queue\\CallQueuedHandler->dispatchThroughMiddleware(Object(Illuminate\\Queue\\Jobs\\DatabaseJob), Object(Illuminate\\Mail\\SendQueuedMailable))\n#36 C:\\xampp8.2\\htdocs\\hipsterB\\test-app\\vendor\\laravel\\framework\\src\\Illuminate\\Queue\\Jobs\\Job.php(102): Illuminate\\Queue\\CallQueuedHandler->call(Object(Illuminate\\Queue\\Jobs\\DatabaseJob), Array)\n#37 C:\\xampp8.2\\htdocs\\hipsterB\\test-app\\vendor\\laravel\\framework\\src\\Illuminate\\Queue\\Worker.php(487): Illuminate\\Queue\\Jobs\\Job->fire()\n#38 C:\\xampp8.2\\htdocs\\hipsterB\\test-app\\vendor\\laravel\\framework\\src\\Illuminate\\Queue\\Worker.php(437): Illuminate\\Queue\\Worker->process(\'database\', Object(Illuminate\\Queue\\Jobs\\DatabaseJob), Object(Illuminate\\Queue\\WorkerOptions))\n#39 C:\\xampp8.2\\htdocs\\hipsterB\\test-app\\vendor\\laravel\\framework\\src\\Illuminate\\Queue\\Worker.php(201): Illuminate\\Queue\\Worker->runJob(Object(Illuminate\\Queue\\Jobs\\DatabaseJob), \'database\', Object(Illuminate\\Queue\\WorkerOptions))\n#40 C:\\xampp8.2\\htdocs\\hipsterB\\test-app\\vendor\\laravel\\framework\\src\\Illuminate\\Queue\\Console\\WorkCommand.php(148): Illuminate\\Queue\\Worker->daemon(\'database\', \'default\', Object(Illuminate\\Queue\\WorkerOptions))\n#41 C:\\xampp8.2\\htdocs\\hipsterB\\test-app\\vendor\\laravel\\framework\\src\\Illuminate\\Queue\\Console\\WorkCommand.php(131): Illuminate\\Queue\\Console\\WorkCommand->runWorker(\'database\', \'default\')\n#42 C:\\xampp8.2\\htdocs\\hipsterB\\test-app\\vendor\\laravel\\framework\\src\\Illuminate\\Container\\BoundMethod.php(36): Illuminate\\Queue\\Console\\WorkCommand->handle()\n#43 C:\\xampp8.2\\htdocs\\hipsterB\\test-app\\vendor\\laravel\\framework\\src\\Illuminate\\Container\\Util.php(43): Illuminate\\Container\\BoundMethod::Illuminate\\Container\\{closure}()\n#44 C:\\xampp8.2\\htdocs\\hipsterB\\test-app\\vendor\\laravel\\framework\\src\\Illuminate\\Container\\BoundMethod.php(96): Illuminate\\Container\\Util::unwrapIfClosure(Object(Closure))\n#45 C:\\xampp8.2\\htdocs\\hipsterB\\test-app\\vendor\\laravel\\framework\\src\\Illuminate\\Container\\BoundMethod.php(35): Illuminate\\Container\\BoundMethod::callBoundMethod(Object(Illuminate\\Foundation\\Application), Array, Object(Closure))\n#46 C:\\xampp8.2\\htdocs\\hipsterB\\test-app\\vendor\\laravel\\framework\\src\\Illuminate\\Container\\Container.php(799): Illuminate\\Container\\BoundMethod::call(Object(Illuminate\\Foundation\\Application), Array, Array, NULL)\n#47 C:\\xampp8.2\\htdocs\\hipsterB\\test-app\\vendor\\laravel\\framework\\src\\Illuminate\\Console\\Command.php(211): Illuminate\\Container\\Container->call(Array)\n#48 C:\\xampp8.2\\htdocs\\hipsterB\\test-app\\vendor\\symfony\\console\\Command\\Command.php(341): Illuminate\\Console\\Command->execute(Object(Symfony\\Component\\Console\\Input\\ArgvInput), Object(Illuminate\\Console\\OutputStyle))\n#49 C:\\xampp8.2\\htdocs\\hipsterB\\test-app\\vendor\\laravel\\framework\\src\\Illuminate\\Console\\Command.php(180): Symfony\\Component\\Console\\Command\\Command->run(Object(Symfony\\Component\\Console\\Input\\ArgvInput), Object(Illuminate\\Console\\OutputStyle))\n#50 C:\\xampp8.2\\htdocs\\hipsterB\\test-app\\vendor\\symfony\\console\\Application.php(1102): Illuminate\\Console\\Command->run(Object(Symfony\\Component\\Console\\Input\\ArgvInput), Object(Symfony\\Component\\Console\\Output\\ConsoleOutput))\n#51 C:\\xampp8.2\\htdocs\\hipsterB\\test-app\\vendor\\symfony\\console\\Application.php(356): Symfony\\Component\\Console\\Application->doRunCommand(Object(Illuminate\\Queue\\Console\\WorkCommand), Object(Symfony\\Component\\Console\\Input\\ArgvInput), Object(Symfony\\Component\\Console\\Output\\ConsoleOutput))\n#52 C:\\xampp8.2\\htdocs\\hipsterB\\test-app\\vendor\\symfony\\console\\Application.php(195): Symfony\\Component\\Console\\Application->doRun(Object(Symfony\\Component\\Console\\Input\\ArgvInput), Object(Symfony\\Component\\Console\\Output\\ConsoleOutput))\n#53 C:\\xampp8.2\\htdocs\\hipsterB\\test-app\\vendor\\laravel\\framework\\src\\Illuminate\\Foundation\\Console\\Kernel.php(198): Symfony\\Component\\Console\\Application->run(Object(Symfony\\Component\\Console\\Input\\ArgvInput), Object(Symfony\\Component\\Console\\Output\\ConsoleOutput))\n#54 C:\\xampp8.2\\htdocs\\hipsterB\\test-app\\vendor\\laravel\\framework\\src\\Illuminate\\Foundation\\Application.php(1235): Illuminate\\Foundation\\Console\\Kernel->handle(Object(Symfony\\Component\\Console\\Input\\ArgvInput), Object(Symfony\\Component\\Console\\Output\\ConsoleOutput))\n#55 C:\\xampp8.2\\htdocs\\hipsterB\\test-app\\artisan(16): Illuminate\\Foundation\\Application->handleCommand(Object(Symfony\\Component\\Console\\Input\\ArgvInput))\n#56 {main}\n\nNext Illuminate\\View\\ViewException: Route [home] not defined. (View: C:\\xampp8.2\\htdocs\\hipsterB\\test-app\\resources\\views\\emails\\discount-assigned.blade.php) in C:\\xampp8.2\\htdocs\\hipsterB\\test-app\\vendor\\laravel\\framework\\src\\Illuminate\\Routing\\UrlGenerator.php:526\nStack trace:\n#0 C:\\xampp8.2\\htdocs\\hipsterB\\test-app\\vendor\\laravel\\framework\\src\\Illuminate\\View\\Engines\\PhpEngine.php(59): Illuminate\\View\\Engines\\CompilerEngine->handleViewException(Object(Symfony\\Component\\Routing\\Exception\\RouteNotFoundException), 0)\n#1 C:\\xampp8.2\\htdocs\\hipsterB\\test-app\\vendor\\laravel\\framework\\src\\Illuminate\\View\\Engines\\CompilerEngine.php(76): Illuminate\\View\\Engines\\PhpEngine->evaluatePath(\'C:\\\\xampp8.2\\\\htd...\', Array)\n#2 C:\\xampp8.2\\htdocs\\hipsterB\\test-app\\vendor\\laravel\\framework\\src\\Illuminate\\View\\View.php(208): Illuminate\\View\\Engines\\CompilerEngine->get(\'C:\\\\xampp8.2\\\\htd...\', Array)\n#3 C:\\xampp8.2\\htdocs\\hipsterB\\test-app\\vendor\\laravel\\framework\\src\\Illuminate\\View\\View.php(191): Illuminate\\View\\View->getContents()\n#4 C:\\xampp8.2\\htdocs\\hipsterB\\test-app\\vendor\\laravel\\framework\\src\\Illuminate\\View\\View.php(160): Illuminate\\View\\View->renderContents()\n#5 C:\\xampp8.2\\htdocs\\hipsterB\\test-app\\vendor\\laravel\\framework\\src\\Illuminate\\Mail\\Markdown.php(93): Illuminate\\View\\View->render()\n#6 [internal function]: Illuminate\\Mail\\Markdown->Illuminate\\Mail\\{closure}()\n#7 C:\\xampp8.2\\htdocs\\hipsterB\\test-app\\vendor\\laravel\\framework\\src\\Illuminate\\View\\Compilers\\BladeCompiler.php(1040): call_user_func(Object(Closure))\n#8 C:\\xampp8.2\\htdocs\\hipsterB\\test-app\\vendor\\laravel\\framework\\src\\Illuminate\\Mail\\Markdown.php(75): Illuminate\\View\\Compilers\\BladeCompiler->usingEchoFormat(\'new \\\\Illuminate...\', Object(Closure))\n#9 C:\\xampp8.2\\htdocs\\hipsterB\\test-app\\vendor\\laravel\\framework\\src\\Illuminate\\Mail\\Mailable.php(387): Illuminate\\Mail\\Markdown->render(\'emails.discount...\', Array)\n#10 C:\\xampp8.2\\htdocs\\hipsterB\\test-app\\vendor\\laravel\\framework\\src\\Illuminate\\Collections\\helpers.php(266): Illuminate\\Mail\\Mailable->Illuminate\\Mail\\{closure}(Array)\n#11 C:\\xampp8.2\\htdocs\\hipsterB\\test-app\\vendor\\laravel\\framework\\src\\Illuminate\\Mail\\Mailer.php(440): value(Object(Closure), Array)\n#12 C:\\xampp8.2\\htdocs\\hipsterB\\test-app\\vendor\\laravel\\framework\\src\\Illuminate\\Mail\\Mailer.php(419): Illuminate\\Mail\\Mailer->renderView(Object(Closure), Array)\n#13 C:\\xampp8.2\\htdocs\\hipsterB\\test-app\\vendor\\laravel\\framework\\src\\Illuminate\\Mail\\Mailer.php(312): Illuminate\\Mail\\Mailer->addContent(Object(Illuminate\\Mail\\Message), Object(Closure), Object(Closure), NULL, Array)\n#14 C:\\xampp8.2\\htdocs\\hipsterB\\test-app\\vendor\\laravel\\framework\\src\\Illuminate\\Mail\\Mailable.php(207): Illuminate\\Mail\\Mailer->send(Object(Closure), Array, Object(Closure))\n#15 C:\\xampp8.2\\htdocs\\hipsterB\\test-app\\vendor\\laravel\\framework\\src\\Illuminate\\Support\\Traits\\Localizable.php(19): Illuminate\\Mail\\Mailable->Illuminate\\Mail\\{closure}()\n#16 C:\\xampp8.2\\htdocs\\hipsterB\\test-app\\vendor\\laravel\\framework\\src\\Illuminate\\Mail\\Mailable.php(200): Illuminate\\Mail\\Mailable->withLocale(NULL, Object(Closure))\n#17 C:\\xampp8.2\\htdocs\\hipsterB\\test-app\\vendor\\laravel\\framework\\src\\Illuminate\\Mail\\SendQueuedMailable.php(82): Illuminate\\Mail\\Mailable->send(Object(Illuminate\\Mail\\MailManager))\n#18 C:\\xampp8.2\\htdocs\\hipsterB\\test-app\\vendor\\laravel\\framework\\src\\Illuminate\\Container\\BoundMethod.php(36): Illuminate\\Mail\\SendQueuedMailable->handle(Object(Illuminate\\Mail\\MailManager))\n#19 C:\\xampp8.2\\htdocs\\hipsterB\\test-app\\vendor\\laravel\\framework\\src\\Illuminate\\Container\\Util.php(43): Illuminate\\Container\\BoundMethod::Illuminate\\Container\\{closure}()\n#20 C:\\xampp8.2\\htdocs\\hipsterB\\test-app\\vendor\\laravel\\framework\\src\\Illuminate\\Container\\BoundMethod.php(96): Illuminate\\Container\\Util::unwrapIfClosure(Object(Closure))\n#21 C:\\xampp8.2\\htdocs\\hipsterB\\test-app\\vendor\\laravel\\framework\\src\\Illuminate\\Container\\BoundMethod.php(35): Illuminate\\Container\\BoundMethod::callBoundMethod(Object(Illuminate\\Foundation\\Application), Array, Object(Closure))\n#22 C:\\xampp8.2\\htdocs\\hipsterB\\test-app\\vendor\\laravel\\framework\\src\\Illuminate\\Container\\Container.php(799): Illuminate\\Container\\BoundMethod::call(Object(Illuminate\\Foundation\\Application), Array, Array, NULL)\n#23 C:\\xampp8.2\\htdocs\\hipsterB\\test-app\\vendor\\laravel\\framework\\src\\Illuminate\\Bus\\Dispatcher.php(129): Illuminate\\Container\\Container->call(Array)\n#24 C:\\xampp8.2\\htdocs\\hipsterB\\test-app\\vendor\\laravel\\framework\\src\\Illuminate\\Pipeline\\Pipeline.php(180): Illuminate\\Bus\\Dispatcher->Illuminate\\Bus\\{closure}(Object(Illuminate\\Mail\\SendQueuedMailable))\n#25 C:\\xampp8.2\\htdocs\\hipsterB\\test-app\\vendor\\laravel\\framework\\src\\Illuminate\\Pipeline\\Pipeline.php(137): Illuminate\\Pipeline\\Pipeline->Illuminate\\Pipeline\\{closure}(Object(Illuminate\\Mail\\SendQueuedMailable))\n#26 C:\\xampp8.2\\htdocs\\hipsterB\\test-app\\vendor\\laravel\\framework\\src\\Illuminate\\Bus\\Dispatcher.php(133): Illuminate\\Pipeline\\Pipeline->then(Object(Closure))\n#27 C:\\xampp8.2\\htdocs\\hipsterB\\test-app\\vendor\\laravel\\framework\\src\\Illuminate\\Queue\\CallQueuedHandler.php(134): Illuminate\\Bus\\Dispatcher->dispatchNow(Object(Illuminate\\Mail\\SendQueuedMailable), false)\n#28 C:\\xampp8.2\\htdocs\\hipsterB\\test-app\\vendor\\laravel\\framework\\src\\Illuminate\\Pipeline\\Pipeline.php(180): Illuminate\\Queue\\CallQueuedHandler->Illuminate\\Queue\\{closure}(Object(Illuminate\\Mail\\SendQueuedMailable))\n#29 C:\\xampp8.2\\htdocs\\hipsterB\\test-app\\vendor\\laravel\\framework\\src\\Illuminate\\Pipeline\\Pipeline.php(137): Illuminate\\Pipeline\\Pipeline->Illuminate\\Pipeline\\{closure}(Object(Illuminate\\Mail\\SendQueuedMailable))\n#30 C:\\xampp8.2\\htdocs\\hipsterB\\test-app\\vendor\\laravel\\framework\\src\\Illuminate\\Queue\\CallQueuedHandler.php(127): Illuminate\\Pipeline\\Pipeline->then(Object(Closure))\n#31 C:\\xampp8.2\\htdocs\\hipsterB\\test-app\\vendor\\laravel\\framework\\src\\Illuminate\\Queue\\CallQueuedHandler.php(68): Illuminate\\Queue\\CallQueuedHandler->dispatchThroughMiddleware(Object(Illuminate\\Queue\\Jobs\\DatabaseJob), Object(Illuminate\\Mail\\SendQueuedMailable))\n#32 C:\\xampp8.2\\htdocs\\hipsterB\\test-app\\vendor\\laravel\\framework\\src\\Illuminate\\Queue\\Jobs\\Job.php(102): Illuminate\\Queue\\CallQueuedHandler->call(Object(Illuminate\\Queue\\Jobs\\DatabaseJob), Array)\n#33 C:\\xampp8.2\\htdocs\\hipsterB\\test-app\\vendor\\laravel\\framework\\src\\Illuminate\\Queue\\Worker.php(487): Illuminate\\Queue\\Jobs\\Job->fire()\n#34 C:\\xampp8.2\\htdocs\\hipsterB\\test-app\\vendor\\laravel\\framework\\src\\Illuminate\\Queue\\Worker.php(437): Illuminate\\Queue\\Worker->process(\'database\', Object(Illuminate\\Queue\\Jobs\\DatabaseJob), Object(Illuminate\\Queue\\WorkerOptions))\n#35 C:\\xampp8.2\\htdocs\\hipsterB\\test-app\\vendor\\laravel\\framework\\src\\Illuminate\\Queue\\Worker.php(201): Illuminate\\Queue\\Worker->runJob(Object(Illuminate\\Queue\\Jobs\\DatabaseJob), \'database\', Object(Illuminate\\Queue\\WorkerOptions))\n#36 C:\\xampp8.2\\htdocs\\hipsterB\\test-app\\vendor\\laravel\\framework\\src\\Illuminate\\Queue\\Console\\WorkCommand.php(148): Illuminate\\Queue\\Worker->daemon(\'database\', \'default\', Object(Illuminate\\Queue\\WorkerOptions))\n#37 C:\\xampp8.2\\htdocs\\hipsterB\\test-app\\vendor\\laravel\\framework\\src\\Illuminate\\Queue\\Console\\WorkCommand.php(131): Illuminate\\Queue\\Console\\WorkCommand->runWorker(\'database\', \'default\')\n#38 C:\\xampp8.2\\htdocs\\hipsterB\\test-app\\vendor\\laravel\\framework\\src\\Illuminate\\Container\\BoundMethod.php(36): Illuminate\\Queue\\Console\\WorkCommand->handle()\n#39 C:\\xampp8.2\\htdocs\\hipsterB\\test-app\\vendor\\laravel\\framework\\src\\Illuminate\\Container\\Util.php(43): Illuminate\\Container\\BoundMethod::Illuminate\\Container\\{closure}()\n#40 C:\\xampp8.2\\htdocs\\hipsterB\\test-app\\vendor\\laravel\\framework\\src\\Illuminate\\Container\\BoundMethod.php(96): Illuminate\\Container\\Util::unwrapIfClosure(Object(Closure))\n#41 C:\\xampp8.2\\htdocs\\hipsterB\\test-app\\vendor\\laravel\\framework\\src\\Illuminate\\Container\\BoundMethod.php(35): Illuminate\\Container\\BoundMethod::callBoundMethod(Object(Illuminate\\Foundation\\Application), Array, Object(Closure))\n#42 C:\\xampp8.2\\htdocs\\hipsterB\\test-app\\vendor\\laravel\\framework\\src\\Illuminate\\Container\\Container.php(799): Illuminate\\Container\\BoundMethod::call(Object(Illuminate\\Foundation\\Application), Array, Array, NULL)\n#43 C:\\xampp8.2\\htdocs\\hipsterB\\test-app\\vendor\\laravel\\framework\\src\\Illuminate\\Console\\Command.php(211): Illuminate\\Container\\Container->call(Array)\n#44 C:\\xampp8.2\\htdocs\\hipsterB\\test-app\\vendor\\symfony\\console\\Command\\Command.php(341): Illuminate\\Console\\Command->execute(Object(Symfony\\Component\\Console\\Input\\ArgvInput), Object(Illuminate\\Console\\OutputStyle))\n#45 C:\\xampp8.2\\htdocs\\hipsterB\\test-app\\vendor\\laravel\\framework\\src\\Illuminate\\Console\\Command.php(180): Symfony\\Component\\Console\\Command\\Command->run(Object(Symfony\\Component\\Console\\Input\\ArgvInput), Object(Illuminate\\Console\\OutputStyle))\n#46 C:\\xampp8.2\\htdocs\\hipsterB\\test-app\\vendor\\symfony\\console\\Application.php(1102): Illuminate\\Console\\Command->run(Object(Symfony\\Component\\Console\\Input\\ArgvInput), Object(Symfony\\Component\\Console\\Output\\ConsoleOutput))\n#47 C:\\xampp8.2\\htdocs\\hipsterB\\test-app\\vendor\\symfony\\console\\Application.php(356): Symfony\\Component\\Console\\Application->doRunCommand(Object(Illuminate\\Queue\\Console\\WorkCommand), Object(Symfony\\Component\\Console\\Input\\ArgvInput), Object(Symfony\\Component\\Console\\Output\\ConsoleOutput))\n#48 C:\\xampp8.2\\htdocs\\hipsterB\\test-app\\vendor\\symfony\\console\\Application.php(195): Symfony\\Component\\Console\\Application->doRun(Object(Symfony\\Component\\Console\\Input\\ArgvInput), Object(Symfony\\Component\\Console\\Output\\ConsoleOutput))\n#49 C:\\xampp8.2\\htdocs\\hipsterB\\test-app\\vendor\\laravel\\framework\\src\\Illuminate\\Foundation\\Console\\Kernel.php(198): Symfony\\Component\\Console\\Application->run(Object(Symfony\\Component\\Console\\Input\\ArgvInput), Object(Symfony\\Component\\Console\\Output\\ConsoleOutput))\n#50 C:\\xampp8.2\\htdocs\\hipsterB\\test-app\\vendor\\laravel\\framework\\src\\Illuminate\\Foundation\\Application.php(1235): Illuminate\\Foundation\\Console\\Kernel->handle(Object(Symfony\\Component\\Console\\Input\\ArgvInput), Object(Symfony\\Component\\Console\\Output\\ConsoleOutput))\n#51 C:\\xampp8.2\\htdocs\\hipsterB\\test-app\\artisan(16): Illuminate\\Foundation\\Application->handleCommand(Object(Symfony\\Component\\Console\\Input\\ArgvInput))\n#52 {main}', '2026-01-08 07:46:17');
INSERT INTO `failed_jobs` (`id`, `uuid`, `connection`, `queue`, `payload`, `exception`, `failed_at`) VALUES
(4, 'a2a36a11-8b19-4b7a-81b2-cb970130804f', 'database', 'default', '{\"uuid\":\"a2a36a11-8b19-4b7a-81b2-cb970130804f\",\"displayName\":\"App\\\\Mail\\\\DiscountAssignedMail\",\"job\":\"Illuminate\\\\Queue\\\\CallQueuedHandler@call\",\"maxTries\":null,\"maxExceptions\":null,\"failOnTimeout\":false,\"backoff\":null,\"timeout\":null,\"retryUntil\":null,\"data\":{\"commandName\":\"Illuminate\\\\Mail\\\\SendQueuedMailable\",\"command\":\"O:34:\\\"Illuminate\\\\Mail\\\\SendQueuedMailable\\\":17:{s:8:\\\"mailable\\\";O:29:\\\"App\\\\Mail\\\\DiscountAssignedMail\\\":3:{s:5:\\\"event\\\";O:42:\\\"Acme\\\\UserDiscounts\\\\Events\\\\DiscountAssigned\\\":3:{s:4:\\\"user\\\";O:45:\\\"Illuminate\\\\Contracts\\\\Database\\\\ModelIdentifier\\\":5:{s:5:\\\"class\\\";s:15:\\\"App\\\\Models\\\\User\\\";s:2:\\\"id\\\";i:6;s:9:\\\"relations\\\";a:0:{}s:10:\\\"connection\\\";s:5:\\\"mysql\\\";s:15:\\\"collectionClass\\\";N;}s:8:\\\"discount\\\";O:45:\\\"Illuminate\\\\Contracts\\\\Database\\\\ModelIdentifier\\\":5:{s:5:\\\"class\\\";s:34:\\\"Acme\\\\UserDiscounts\\\\Models\\\\Discount\\\";s:2:\\\"id\\\";i:17;s:9:\\\"relations\\\";a:0:{}s:10:\\\"connection\\\";s:5:\\\"mysql\\\";s:15:\\\"collectionClass\\\";N;}s:12:\\\"userDiscount\\\";O:45:\\\"Illuminate\\\\Contracts\\\\Database\\\\ModelIdentifier\\\":5:{s:5:\\\"class\\\";s:38:\\\"Acme\\\\UserDiscounts\\\\Models\\\\UserDiscount\\\";s:2:\\\"id\\\";i:9;s:9:\\\"relations\\\";a:0:{}s:10:\\\"connection\\\";s:5:\\\"mysql\\\";s:15:\\\"collectionClass\\\";N;}}s:2:\\\"to\\\";a:1:{i:0;a:2:{s:4:\\\"name\\\";N;s:7:\\\"address\\\";s:36:\\\"pandeynarendra.18080107033@gmail.com\\\";}}s:6:\\\"mailer\\\";s:4:\\\"smtp\\\";}s:5:\\\"tries\\\";N;s:7:\\\"timeout\\\";N;s:13:\\\"maxExceptions\\\";N;s:17:\\\"shouldBeEncrypted\\\";b:0;s:10:\\\"connection\\\";N;s:5:\\\"queue\\\";N;s:12:\\\"messageGroup\\\";N;s:12:\\\"deduplicator\\\";N;s:5:\\\"delay\\\";N;s:11:\\\"afterCommit\\\";N;s:10:\\\"middleware\\\";a:0:{}s:7:\\\"chained\\\";a:0:{}s:15:\\\"chainConnection\\\";N;s:10:\\\"chainQueue\\\";N;s:19:\\\"chainCatchCallbacks\\\";N;s:3:\\\"job\\\";N;}\"},\"createdAt\":1767878176,\"delay\":null}', 'Symfony\\Component\\Routing\\Exception\\RouteNotFoundException: Route [home] not defined. in C:\\xampp8.2\\htdocs\\hipsterB\\test-app\\vendor\\laravel\\framework\\src\\Illuminate\\Routing\\UrlGenerator.php:526\nStack trace:\n#0 C:\\xampp8.2\\htdocs\\hipsterB\\test-app\\vendor\\laravel\\framework\\src\\Illuminate\\Foundation\\helpers.php(871): Illuminate\\Routing\\UrlGenerator->route(\'home\', Array, true)\n#1 C:\\xampp8.2\\htdocs\\hipsterB\\test-app\\storage\\framework\\views\\5aae2f6e3e4c2e09758cc3fa79a78240.php(25): route(\'home\')\n#2 C:\\xampp8.2\\htdocs\\hipsterB\\test-app\\vendor\\laravel\\framework\\src\\Illuminate\\Filesystem\\Filesystem.php(123): require(\'C:\\\\xampp8.2\\\\htd...\')\n#3 C:\\xampp8.2\\htdocs\\hipsterB\\test-app\\vendor\\laravel\\framework\\src\\Illuminate\\Filesystem\\Filesystem.php(124): Illuminate\\Filesystem\\Filesystem::Illuminate\\Filesystem\\{closure}()\n#4 C:\\xampp8.2\\htdocs\\hipsterB\\test-app\\vendor\\laravel\\framework\\src\\Illuminate\\View\\Engines\\PhpEngine.php(57): Illuminate\\Filesystem\\Filesystem->getRequire(\'C:\\\\xampp8.2\\\\htd...\', Array)\n#5 C:\\xampp8.2\\htdocs\\hipsterB\\test-app\\vendor\\laravel\\framework\\src\\Illuminate\\View\\Engines\\CompilerEngine.php(76): Illuminate\\View\\Engines\\PhpEngine->evaluatePath(\'C:\\\\xampp8.2\\\\htd...\', Array)\n#6 C:\\xampp8.2\\htdocs\\hipsterB\\test-app\\vendor\\laravel\\framework\\src\\Illuminate\\View\\View.php(208): Illuminate\\View\\Engines\\CompilerEngine->get(\'C:\\\\xampp8.2\\\\htd...\', Array)\n#7 C:\\xampp8.2\\htdocs\\hipsterB\\test-app\\vendor\\laravel\\framework\\src\\Illuminate\\View\\View.php(191): Illuminate\\View\\View->getContents()\n#8 C:\\xampp8.2\\htdocs\\hipsterB\\test-app\\vendor\\laravel\\framework\\src\\Illuminate\\View\\View.php(160): Illuminate\\View\\View->renderContents()\n#9 C:\\xampp8.2\\htdocs\\hipsterB\\test-app\\vendor\\laravel\\framework\\src\\Illuminate\\Mail\\Markdown.php(93): Illuminate\\View\\View->render()\n#10 [internal function]: Illuminate\\Mail\\Markdown->Illuminate\\Mail\\{closure}()\n#11 C:\\xampp8.2\\htdocs\\hipsterB\\test-app\\vendor\\laravel\\framework\\src\\Illuminate\\View\\Compilers\\BladeCompiler.php(1040): call_user_func(Object(Closure))\n#12 C:\\xampp8.2\\htdocs\\hipsterB\\test-app\\vendor\\laravel\\framework\\src\\Illuminate\\Mail\\Markdown.php(75): Illuminate\\View\\Compilers\\BladeCompiler->usingEchoFormat(\'new \\\\Illuminate...\', Object(Closure))\n#13 C:\\xampp8.2\\htdocs\\hipsterB\\test-app\\vendor\\laravel\\framework\\src\\Illuminate\\Mail\\Mailable.php(387): Illuminate\\Mail\\Markdown->render(\'emails.discount...\', Array)\n#14 C:\\xampp8.2\\htdocs\\hipsterB\\test-app\\vendor\\laravel\\framework\\src\\Illuminate\\Collections\\helpers.php(266): Illuminate\\Mail\\Mailable->Illuminate\\Mail\\{closure}(Array)\n#15 C:\\xampp8.2\\htdocs\\hipsterB\\test-app\\vendor\\laravel\\framework\\src\\Illuminate\\Mail\\Mailer.php(440): value(Object(Closure), Array)\n#16 C:\\xampp8.2\\htdocs\\hipsterB\\test-app\\vendor\\laravel\\framework\\src\\Illuminate\\Mail\\Mailer.php(419): Illuminate\\Mail\\Mailer->renderView(Object(Closure), Array)\n#17 C:\\xampp8.2\\htdocs\\hipsterB\\test-app\\vendor\\laravel\\framework\\src\\Illuminate\\Mail\\Mailer.php(312): Illuminate\\Mail\\Mailer->addContent(Object(Illuminate\\Mail\\Message), Object(Closure), Object(Closure), NULL, Array)\n#18 C:\\xampp8.2\\htdocs\\hipsterB\\test-app\\vendor\\laravel\\framework\\src\\Illuminate\\Mail\\Mailable.php(207): Illuminate\\Mail\\Mailer->send(Object(Closure), Array, Object(Closure))\n#19 C:\\xampp8.2\\htdocs\\hipsterB\\test-app\\vendor\\laravel\\framework\\src\\Illuminate\\Support\\Traits\\Localizable.php(19): Illuminate\\Mail\\Mailable->Illuminate\\Mail\\{closure}()\n#20 C:\\xampp8.2\\htdocs\\hipsterB\\test-app\\vendor\\laravel\\framework\\src\\Illuminate\\Mail\\Mailable.php(200): Illuminate\\Mail\\Mailable->withLocale(NULL, Object(Closure))\n#21 C:\\xampp8.2\\htdocs\\hipsterB\\test-app\\vendor\\laravel\\framework\\src\\Illuminate\\Mail\\SendQueuedMailable.php(82): Illuminate\\Mail\\Mailable->send(Object(Illuminate\\Mail\\MailManager))\n#22 C:\\xampp8.2\\htdocs\\hipsterB\\test-app\\vendor\\laravel\\framework\\src\\Illuminate\\Container\\BoundMethod.php(36): Illuminate\\Mail\\SendQueuedMailable->handle(Object(Illuminate\\Mail\\MailManager))\n#23 C:\\xampp8.2\\htdocs\\hipsterB\\test-app\\vendor\\laravel\\framework\\src\\Illuminate\\Container\\Util.php(43): Illuminate\\Container\\BoundMethod::Illuminate\\Container\\{closure}()\n#24 C:\\xampp8.2\\htdocs\\hipsterB\\test-app\\vendor\\laravel\\framework\\src\\Illuminate\\Container\\BoundMethod.php(96): Illuminate\\Container\\Util::unwrapIfClosure(Object(Closure))\n#25 C:\\xampp8.2\\htdocs\\hipsterB\\test-app\\vendor\\laravel\\framework\\src\\Illuminate\\Container\\BoundMethod.php(35): Illuminate\\Container\\BoundMethod::callBoundMethod(Object(Illuminate\\Foundation\\Application), Array, Object(Closure))\n#26 C:\\xampp8.2\\htdocs\\hipsterB\\test-app\\vendor\\laravel\\framework\\src\\Illuminate\\Container\\Container.php(799): Illuminate\\Container\\BoundMethod::call(Object(Illuminate\\Foundation\\Application), Array, Array, NULL)\n#27 C:\\xampp8.2\\htdocs\\hipsterB\\test-app\\vendor\\laravel\\framework\\src\\Illuminate\\Bus\\Dispatcher.php(129): Illuminate\\Container\\Container->call(Array)\n#28 C:\\xampp8.2\\htdocs\\hipsterB\\test-app\\vendor\\laravel\\framework\\src\\Illuminate\\Pipeline\\Pipeline.php(180): Illuminate\\Bus\\Dispatcher->Illuminate\\Bus\\{closure}(Object(Illuminate\\Mail\\SendQueuedMailable))\n#29 C:\\xampp8.2\\htdocs\\hipsterB\\test-app\\vendor\\laravel\\framework\\src\\Illuminate\\Pipeline\\Pipeline.php(137): Illuminate\\Pipeline\\Pipeline->Illuminate\\Pipeline\\{closure}(Object(Illuminate\\Mail\\SendQueuedMailable))\n#30 C:\\xampp8.2\\htdocs\\hipsterB\\test-app\\vendor\\laravel\\framework\\src\\Illuminate\\Bus\\Dispatcher.php(133): Illuminate\\Pipeline\\Pipeline->then(Object(Closure))\n#31 C:\\xampp8.2\\htdocs\\hipsterB\\test-app\\vendor\\laravel\\framework\\src\\Illuminate\\Queue\\CallQueuedHandler.php(134): Illuminate\\Bus\\Dispatcher->dispatchNow(Object(Illuminate\\Mail\\SendQueuedMailable), false)\n#32 C:\\xampp8.2\\htdocs\\hipsterB\\test-app\\vendor\\laravel\\framework\\src\\Illuminate\\Pipeline\\Pipeline.php(180): Illuminate\\Queue\\CallQueuedHandler->Illuminate\\Queue\\{closure}(Object(Illuminate\\Mail\\SendQueuedMailable))\n#33 C:\\xampp8.2\\htdocs\\hipsterB\\test-app\\vendor\\laravel\\framework\\src\\Illuminate\\Pipeline\\Pipeline.php(137): Illuminate\\Pipeline\\Pipeline->Illuminate\\Pipeline\\{closure}(Object(Illuminate\\Mail\\SendQueuedMailable))\n#34 C:\\xampp8.2\\htdocs\\hipsterB\\test-app\\vendor\\laravel\\framework\\src\\Illuminate\\Queue\\CallQueuedHandler.php(127): Illuminate\\Pipeline\\Pipeline->then(Object(Closure))\n#35 C:\\xampp8.2\\htdocs\\hipsterB\\test-app\\vendor\\laravel\\framework\\src\\Illuminate\\Queue\\CallQueuedHandler.php(68): Illuminate\\Queue\\CallQueuedHandler->dispatchThroughMiddleware(Object(Illuminate\\Queue\\Jobs\\DatabaseJob), Object(Illuminate\\Mail\\SendQueuedMailable))\n#36 C:\\xampp8.2\\htdocs\\hipsterB\\test-app\\vendor\\laravel\\framework\\src\\Illuminate\\Queue\\Jobs\\Job.php(102): Illuminate\\Queue\\CallQueuedHandler->call(Object(Illuminate\\Queue\\Jobs\\DatabaseJob), Array)\n#37 C:\\xampp8.2\\htdocs\\hipsterB\\test-app\\vendor\\laravel\\framework\\src\\Illuminate\\Queue\\Worker.php(487): Illuminate\\Queue\\Jobs\\Job->fire()\n#38 C:\\xampp8.2\\htdocs\\hipsterB\\test-app\\vendor\\laravel\\framework\\src\\Illuminate\\Queue\\Worker.php(437): Illuminate\\Queue\\Worker->process(\'database\', Object(Illuminate\\Queue\\Jobs\\DatabaseJob), Object(Illuminate\\Queue\\WorkerOptions))\n#39 C:\\xampp8.2\\htdocs\\hipsterB\\test-app\\vendor\\laravel\\framework\\src\\Illuminate\\Queue\\Worker.php(201): Illuminate\\Queue\\Worker->runJob(Object(Illuminate\\Queue\\Jobs\\DatabaseJob), \'database\', Object(Illuminate\\Queue\\WorkerOptions))\n#40 C:\\xampp8.2\\htdocs\\hipsterB\\test-app\\vendor\\laravel\\framework\\src\\Illuminate\\Queue\\Console\\WorkCommand.php(148): Illuminate\\Queue\\Worker->daemon(\'database\', \'default\', Object(Illuminate\\Queue\\WorkerOptions))\n#41 C:\\xampp8.2\\htdocs\\hipsterB\\test-app\\vendor\\laravel\\framework\\src\\Illuminate\\Queue\\Console\\WorkCommand.php(131): Illuminate\\Queue\\Console\\WorkCommand->runWorker(\'database\', \'default\')\n#42 C:\\xampp8.2\\htdocs\\hipsterB\\test-app\\vendor\\laravel\\framework\\src\\Illuminate\\Container\\BoundMethod.php(36): Illuminate\\Queue\\Console\\WorkCommand->handle()\n#43 C:\\xampp8.2\\htdocs\\hipsterB\\test-app\\vendor\\laravel\\framework\\src\\Illuminate\\Container\\Util.php(43): Illuminate\\Container\\BoundMethod::Illuminate\\Container\\{closure}()\n#44 C:\\xampp8.2\\htdocs\\hipsterB\\test-app\\vendor\\laravel\\framework\\src\\Illuminate\\Container\\BoundMethod.php(96): Illuminate\\Container\\Util::unwrapIfClosure(Object(Closure))\n#45 C:\\xampp8.2\\htdocs\\hipsterB\\test-app\\vendor\\laravel\\framework\\src\\Illuminate\\Container\\BoundMethod.php(35): Illuminate\\Container\\BoundMethod::callBoundMethod(Object(Illuminate\\Foundation\\Application), Array, Object(Closure))\n#46 C:\\xampp8.2\\htdocs\\hipsterB\\test-app\\vendor\\laravel\\framework\\src\\Illuminate\\Container\\Container.php(799): Illuminate\\Container\\BoundMethod::call(Object(Illuminate\\Foundation\\Application), Array, Array, NULL)\n#47 C:\\xampp8.2\\htdocs\\hipsterB\\test-app\\vendor\\laravel\\framework\\src\\Illuminate\\Console\\Command.php(211): Illuminate\\Container\\Container->call(Array)\n#48 C:\\xampp8.2\\htdocs\\hipsterB\\test-app\\vendor\\symfony\\console\\Command\\Command.php(341): Illuminate\\Console\\Command->execute(Object(Symfony\\Component\\Console\\Input\\ArgvInput), Object(Illuminate\\Console\\OutputStyle))\n#49 C:\\xampp8.2\\htdocs\\hipsterB\\test-app\\vendor\\laravel\\framework\\src\\Illuminate\\Console\\Command.php(180): Symfony\\Component\\Console\\Command\\Command->run(Object(Symfony\\Component\\Console\\Input\\ArgvInput), Object(Illuminate\\Console\\OutputStyle))\n#50 C:\\xampp8.2\\htdocs\\hipsterB\\test-app\\vendor\\symfony\\console\\Application.php(1102): Illuminate\\Console\\Command->run(Object(Symfony\\Component\\Console\\Input\\ArgvInput), Object(Symfony\\Component\\Console\\Output\\ConsoleOutput))\n#51 C:\\xampp8.2\\htdocs\\hipsterB\\test-app\\vendor\\symfony\\console\\Application.php(356): Symfony\\Component\\Console\\Application->doRunCommand(Object(Illuminate\\Queue\\Console\\WorkCommand), Object(Symfony\\Component\\Console\\Input\\ArgvInput), Object(Symfony\\Component\\Console\\Output\\ConsoleOutput))\n#52 C:\\xampp8.2\\htdocs\\hipsterB\\test-app\\vendor\\symfony\\console\\Application.php(195): Symfony\\Component\\Console\\Application->doRun(Object(Symfony\\Component\\Console\\Input\\ArgvInput), Object(Symfony\\Component\\Console\\Output\\ConsoleOutput))\n#53 C:\\xampp8.2\\htdocs\\hipsterB\\test-app\\vendor\\laravel\\framework\\src\\Illuminate\\Foundation\\Console\\Kernel.php(198): Symfony\\Component\\Console\\Application->run(Object(Symfony\\Component\\Console\\Input\\ArgvInput), Object(Symfony\\Component\\Console\\Output\\ConsoleOutput))\n#54 C:\\xampp8.2\\htdocs\\hipsterB\\test-app\\vendor\\laravel\\framework\\src\\Illuminate\\Foundation\\Application.php(1235): Illuminate\\Foundation\\Console\\Kernel->handle(Object(Symfony\\Component\\Console\\Input\\ArgvInput), Object(Symfony\\Component\\Console\\Output\\ConsoleOutput))\n#55 C:\\xampp8.2\\htdocs\\hipsterB\\test-app\\artisan(16): Illuminate\\Foundation\\Application->handleCommand(Object(Symfony\\Component\\Console\\Input\\ArgvInput))\n#56 {main}\n\nNext Illuminate\\View\\ViewException: Route [home] not defined. (View: C:\\xampp8.2\\htdocs\\hipsterB\\test-app\\resources\\views\\emails\\discount-assigned.blade.php) in C:\\xampp8.2\\htdocs\\hipsterB\\test-app\\vendor\\laravel\\framework\\src\\Illuminate\\Routing\\UrlGenerator.php:526\nStack trace:\n#0 C:\\xampp8.2\\htdocs\\hipsterB\\test-app\\vendor\\laravel\\framework\\src\\Illuminate\\View\\Engines\\PhpEngine.php(59): Illuminate\\View\\Engines\\CompilerEngine->handleViewException(Object(Symfony\\Component\\Routing\\Exception\\RouteNotFoundException), 0)\n#1 C:\\xampp8.2\\htdocs\\hipsterB\\test-app\\vendor\\laravel\\framework\\src\\Illuminate\\View\\Engines\\CompilerEngine.php(76): Illuminate\\View\\Engines\\PhpEngine->evaluatePath(\'C:\\\\xampp8.2\\\\htd...\', Array)\n#2 C:\\xampp8.2\\htdocs\\hipsterB\\test-app\\vendor\\laravel\\framework\\src\\Illuminate\\View\\View.php(208): Illuminate\\View\\Engines\\CompilerEngine->get(\'C:\\\\xampp8.2\\\\htd...\', Array)\n#3 C:\\xampp8.2\\htdocs\\hipsterB\\test-app\\vendor\\laravel\\framework\\src\\Illuminate\\View\\View.php(191): Illuminate\\View\\View->getContents()\n#4 C:\\xampp8.2\\htdocs\\hipsterB\\test-app\\vendor\\laravel\\framework\\src\\Illuminate\\View\\View.php(160): Illuminate\\View\\View->renderContents()\n#5 C:\\xampp8.2\\htdocs\\hipsterB\\test-app\\vendor\\laravel\\framework\\src\\Illuminate\\Mail\\Markdown.php(93): Illuminate\\View\\View->render()\n#6 [internal function]: Illuminate\\Mail\\Markdown->Illuminate\\Mail\\{closure}()\n#7 C:\\xampp8.2\\htdocs\\hipsterB\\test-app\\vendor\\laravel\\framework\\src\\Illuminate\\View\\Compilers\\BladeCompiler.php(1040): call_user_func(Object(Closure))\n#8 C:\\xampp8.2\\htdocs\\hipsterB\\test-app\\vendor\\laravel\\framework\\src\\Illuminate\\Mail\\Markdown.php(75): Illuminate\\View\\Compilers\\BladeCompiler->usingEchoFormat(\'new \\\\Illuminate...\', Object(Closure))\n#9 C:\\xampp8.2\\htdocs\\hipsterB\\test-app\\vendor\\laravel\\framework\\src\\Illuminate\\Mail\\Mailable.php(387): Illuminate\\Mail\\Markdown->render(\'emails.discount...\', Array)\n#10 C:\\xampp8.2\\htdocs\\hipsterB\\test-app\\vendor\\laravel\\framework\\src\\Illuminate\\Collections\\helpers.php(266): Illuminate\\Mail\\Mailable->Illuminate\\Mail\\{closure}(Array)\n#11 C:\\xampp8.2\\htdocs\\hipsterB\\test-app\\vendor\\laravel\\framework\\src\\Illuminate\\Mail\\Mailer.php(440): value(Object(Closure), Array)\n#12 C:\\xampp8.2\\htdocs\\hipsterB\\test-app\\vendor\\laravel\\framework\\src\\Illuminate\\Mail\\Mailer.php(419): Illuminate\\Mail\\Mailer->renderView(Object(Closure), Array)\n#13 C:\\xampp8.2\\htdocs\\hipsterB\\test-app\\vendor\\laravel\\framework\\src\\Illuminate\\Mail\\Mailer.php(312): Illuminate\\Mail\\Mailer->addContent(Object(Illuminate\\Mail\\Message), Object(Closure), Object(Closure), NULL, Array)\n#14 C:\\xampp8.2\\htdocs\\hipsterB\\test-app\\vendor\\laravel\\framework\\src\\Illuminate\\Mail\\Mailable.php(207): Illuminate\\Mail\\Mailer->send(Object(Closure), Array, Object(Closure))\n#15 C:\\xampp8.2\\htdocs\\hipsterB\\test-app\\vendor\\laravel\\framework\\src\\Illuminate\\Support\\Traits\\Localizable.php(19): Illuminate\\Mail\\Mailable->Illuminate\\Mail\\{closure}()\n#16 C:\\xampp8.2\\htdocs\\hipsterB\\test-app\\vendor\\laravel\\framework\\src\\Illuminate\\Mail\\Mailable.php(200): Illuminate\\Mail\\Mailable->withLocale(NULL, Object(Closure))\n#17 C:\\xampp8.2\\htdocs\\hipsterB\\test-app\\vendor\\laravel\\framework\\src\\Illuminate\\Mail\\SendQueuedMailable.php(82): Illuminate\\Mail\\Mailable->send(Object(Illuminate\\Mail\\MailManager))\n#18 C:\\xampp8.2\\htdocs\\hipsterB\\test-app\\vendor\\laravel\\framework\\src\\Illuminate\\Container\\BoundMethod.php(36): Illuminate\\Mail\\SendQueuedMailable->handle(Object(Illuminate\\Mail\\MailManager))\n#19 C:\\xampp8.2\\htdocs\\hipsterB\\test-app\\vendor\\laravel\\framework\\src\\Illuminate\\Container\\Util.php(43): Illuminate\\Container\\BoundMethod::Illuminate\\Container\\{closure}()\n#20 C:\\xampp8.2\\htdocs\\hipsterB\\test-app\\vendor\\laravel\\framework\\src\\Illuminate\\Container\\BoundMethod.php(96): Illuminate\\Container\\Util::unwrapIfClosure(Object(Closure))\n#21 C:\\xampp8.2\\htdocs\\hipsterB\\test-app\\vendor\\laravel\\framework\\src\\Illuminate\\Container\\BoundMethod.php(35): Illuminate\\Container\\BoundMethod::callBoundMethod(Object(Illuminate\\Foundation\\Application), Array, Object(Closure))\n#22 C:\\xampp8.2\\htdocs\\hipsterB\\test-app\\vendor\\laravel\\framework\\src\\Illuminate\\Container\\Container.php(799): Illuminate\\Container\\BoundMethod::call(Object(Illuminate\\Foundation\\Application), Array, Array, NULL)\n#23 C:\\xampp8.2\\htdocs\\hipsterB\\test-app\\vendor\\laravel\\framework\\src\\Illuminate\\Bus\\Dispatcher.php(129): Illuminate\\Container\\Container->call(Array)\n#24 C:\\xampp8.2\\htdocs\\hipsterB\\test-app\\vendor\\laravel\\framework\\src\\Illuminate\\Pipeline\\Pipeline.php(180): Illuminate\\Bus\\Dispatcher->Illuminate\\Bus\\{closure}(Object(Illuminate\\Mail\\SendQueuedMailable))\n#25 C:\\xampp8.2\\htdocs\\hipsterB\\test-app\\vendor\\laravel\\framework\\src\\Illuminate\\Pipeline\\Pipeline.php(137): Illuminate\\Pipeline\\Pipeline->Illuminate\\Pipeline\\{closure}(Object(Illuminate\\Mail\\SendQueuedMailable))\n#26 C:\\xampp8.2\\htdocs\\hipsterB\\test-app\\vendor\\laravel\\framework\\src\\Illuminate\\Bus\\Dispatcher.php(133): Illuminate\\Pipeline\\Pipeline->then(Object(Closure))\n#27 C:\\xampp8.2\\htdocs\\hipsterB\\test-app\\vendor\\laravel\\framework\\src\\Illuminate\\Queue\\CallQueuedHandler.php(134): Illuminate\\Bus\\Dispatcher->dispatchNow(Object(Illuminate\\Mail\\SendQueuedMailable), false)\n#28 C:\\xampp8.2\\htdocs\\hipsterB\\test-app\\vendor\\laravel\\framework\\src\\Illuminate\\Pipeline\\Pipeline.php(180): Illuminate\\Queue\\CallQueuedHandler->Illuminate\\Queue\\{closure}(Object(Illuminate\\Mail\\SendQueuedMailable))\n#29 C:\\xampp8.2\\htdocs\\hipsterB\\test-app\\vendor\\laravel\\framework\\src\\Illuminate\\Pipeline\\Pipeline.php(137): Illuminate\\Pipeline\\Pipeline->Illuminate\\Pipeline\\{closure}(Object(Illuminate\\Mail\\SendQueuedMailable))\n#30 C:\\xampp8.2\\htdocs\\hipsterB\\test-app\\vendor\\laravel\\framework\\src\\Illuminate\\Queue\\CallQueuedHandler.php(127): Illuminate\\Pipeline\\Pipeline->then(Object(Closure))\n#31 C:\\xampp8.2\\htdocs\\hipsterB\\test-app\\vendor\\laravel\\framework\\src\\Illuminate\\Queue\\CallQueuedHandler.php(68): Illuminate\\Queue\\CallQueuedHandler->dispatchThroughMiddleware(Object(Illuminate\\Queue\\Jobs\\DatabaseJob), Object(Illuminate\\Mail\\SendQueuedMailable))\n#32 C:\\xampp8.2\\htdocs\\hipsterB\\test-app\\vendor\\laravel\\framework\\src\\Illuminate\\Queue\\Jobs\\Job.php(102): Illuminate\\Queue\\CallQueuedHandler->call(Object(Illuminate\\Queue\\Jobs\\DatabaseJob), Array)\n#33 C:\\xampp8.2\\htdocs\\hipsterB\\test-app\\vendor\\laravel\\framework\\src\\Illuminate\\Queue\\Worker.php(487): Illuminate\\Queue\\Jobs\\Job->fire()\n#34 C:\\xampp8.2\\htdocs\\hipsterB\\test-app\\vendor\\laravel\\framework\\src\\Illuminate\\Queue\\Worker.php(437): Illuminate\\Queue\\Worker->process(\'database\', Object(Illuminate\\Queue\\Jobs\\DatabaseJob), Object(Illuminate\\Queue\\WorkerOptions))\n#35 C:\\xampp8.2\\htdocs\\hipsterB\\test-app\\vendor\\laravel\\framework\\src\\Illuminate\\Queue\\Worker.php(201): Illuminate\\Queue\\Worker->runJob(Object(Illuminate\\Queue\\Jobs\\DatabaseJob), \'database\', Object(Illuminate\\Queue\\WorkerOptions))\n#36 C:\\xampp8.2\\htdocs\\hipsterB\\test-app\\vendor\\laravel\\framework\\src\\Illuminate\\Queue\\Console\\WorkCommand.php(148): Illuminate\\Queue\\Worker->daemon(\'database\', \'default\', Object(Illuminate\\Queue\\WorkerOptions))\n#37 C:\\xampp8.2\\htdocs\\hipsterB\\test-app\\vendor\\laravel\\framework\\src\\Illuminate\\Queue\\Console\\WorkCommand.php(131): Illuminate\\Queue\\Console\\WorkCommand->runWorker(\'database\', \'default\')\n#38 C:\\xampp8.2\\htdocs\\hipsterB\\test-app\\vendor\\laravel\\framework\\src\\Illuminate\\Container\\BoundMethod.php(36): Illuminate\\Queue\\Console\\WorkCommand->handle()\n#39 C:\\xampp8.2\\htdocs\\hipsterB\\test-app\\vendor\\laravel\\framework\\src\\Illuminate\\Container\\Util.php(43): Illuminate\\Container\\BoundMethod::Illuminate\\Container\\{closure}()\n#40 C:\\xampp8.2\\htdocs\\hipsterB\\test-app\\vendor\\laravel\\framework\\src\\Illuminate\\Container\\BoundMethod.php(96): Illuminate\\Container\\Util::unwrapIfClosure(Object(Closure))\n#41 C:\\xampp8.2\\htdocs\\hipsterB\\test-app\\vendor\\laravel\\framework\\src\\Illuminate\\Container\\BoundMethod.php(35): Illuminate\\Container\\BoundMethod::callBoundMethod(Object(Illuminate\\Foundation\\Application), Array, Object(Closure))\n#42 C:\\xampp8.2\\htdocs\\hipsterB\\test-app\\vendor\\laravel\\framework\\src\\Illuminate\\Container\\Container.php(799): Illuminate\\Container\\BoundMethod::call(Object(Illuminate\\Foundation\\Application), Array, Array, NULL)\n#43 C:\\xampp8.2\\htdocs\\hipsterB\\test-app\\vendor\\laravel\\framework\\src\\Illuminate\\Console\\Command.php(211): Illuminate\\Container\\Container->call(Array)\n#44 C:\\xampp8.2\\htdocs\\hipsterB\\test-app\\vendor\\symfony\\console\\Command\\Command.php(341): Illuminate\\Console\\Command->execute(Object(Symfony\\Component\\Console\\Input\\ArgvInput), Object(Illuminate\\Console\\OutputStyle))\n#45 C:\\xampp8.2\\htdocs\\hipsterB\\test-app\\vendor\\laravel\\framework\\src\\Illuminate\\Console\\Command.php(180): Symfony\\Component\\Console\\Command\\Command->run(Object(Symfony\\Component\\Console\\Input\\ArgvInput), Object(Illuminate\\Console\\OutputStyle))\n#46 C:\\xampp8.2\\htdocs\\hipsterB\\test-app\\vendor\\symfony\\console\\Application.php(1102): Illuminate\\Console\\Command->run(Object(Symfony\\Component\\Console\\Input\\ArgvInput), Object(Symfony\\Component\\Console\\Output\\ConsoleOutput))\n#47 C:\\xampp8.2\\htdocs\\hipsterB\\test-app\\vendor\\symfony\\console\\Application.php(356): Symfony\\Component\\Console\\Application->doRunCommand(Object(Illuminate\\Queue\\Console\\WorkCommand), Object(Symfony\\Component\\Console\\Input\\ArgvInput), Object(Symfony\\Component\\Console\\Output\\ConsoleOutput))\n#48 C:\\xampp8.2\\htdocs\\hipsterB\\test-app\\vendor\\symfony\\console\\Application.php(195): Symfony\\Component\\Console\\Application->doRun(Object(Symfony\\Component\\Console\\Input\\ArgvInput), Object(Symfony\\Component\\Console\\Output\\ConsoleOutput))\n#49 C:\\xampp8.2\\htdocs\\hipsterB\\test-app\\vendor\\laravel\\framework\\src\\Illuminate\\Foundation\\Console\\Kernel.php(198): Symfony\\Component\\Console\\Application->run(Object(Symfony\\Component\\Console\\Input\\ArgvInput), Object(Symfony\\Component\\Console\\Output\\ConsoleOutput))\n#50 C:\\xampp8.2\\htdocs\\hipsterB\\test-app\\vendor\\laravel\\framework\\src\\Illuminate\\Foundation\\Application.php(1235): Illuminate\\Foundation\\Console\\Kernel->handle(Object(Symfony\\Component\\Console\\Input\\ArgvInput), Object(Symfony\\Component\\Console\\Output\\ConsoleOutput))\n#51 C:\\xampp8.2\\htdocs\\hipsterB\\test-app\\artisan(16): Illuminate\\Foundation\\Application->handleCommand(Object(Symfony\\Component\\Console\\Input\\ArgvInput))\n#52 {main}', '2026-01-08 07:46:18');
INSERT INTO `failed_jobs` (`id`, `uuid`, `connection`, `queue`, `payload`, `exception`, `failed_at`) VALUES
(5, 'dc43804c-184a-46d7-b295-9a7abaf2d587', 'database', 'default', '{\"uuid\":\"dc43804c-184a-46d7-b295-9a7abaf2d587\",\"displayName\":\"App\\\\Mail\\\\DiscountAssignedMail\",\"job\":\"Illuminate\\\\Queue\\\\CallQueuedHandler@call\",\"maxTries\":null,\"maxExceptions\":null,\"failOnTimeout\":false,\"backoff\":null,\"timeout\":null,\"retryUntil\":null,\"data\":{\"commandName\":\"Illuminate\\\\Mail\\\\SendQueuedMailable\",\"command\":\"O:34:\\\"Illuminate\\\\Mail\\\\SendQueuedMailable\\\":17:{s:8:\\\"mailable\\\";O:29:\\\"App\\\\Mail\\\\DiscountAssignedMail\\\":3:{s:5:\\\"event\\\";O:42:\\\"Acme\\\\UserDiscounts\\\\Events\\\\DiscountAssigned\\\":3:{s:4:\\\"user\\\";O:45:\\\"Illuminate\\\\Contracts\\\\Database\\\\ModelIdentifier\\\":5:{s:5:\\\"class\\\";s:15:\\\"App\\\\Models\\\\User\\\";s:2:\\\"id\\\";i:6;s:9:\\\"relations\\\";a:0:{}s:10:\\\"connection\\\";s:5:\\\"mysql\\\";s:15:\\\"collectionClass\\\";N;}s:8:\\\"discount\\\";O:45:\\\"Illuminate\\\\Contracts\\\\Database\\\\ModelIdentifier\\\":5:{s:5:\\\"class\\\";s:34:\\\"Acme\\\\UserDiscounts\\\\Models\\\\Discount\\\";s:2:\\\"id\\\";i:16;s:9:\\\"relations\\\";a:0:{}s:10:\\\"connection\\\";s:5:\\\"mysql\\\";s:15:\\\"collectionClass\\\";N;}s:12:\\\"userDiscount\\\";O:45:\\\"Illuminate\\\\Contracts\\\\Database\\\\ModelIdentifier\\\":5:{s:5:\\\"class\\\";s:38:\\\"Acme\\\\UserDiscounts\\\\Models\\\\UserDiscount\\\";s:2:\\\"id\\\";i:10;s:9:\\\"relations\\\";a:0:{}s:10:\\\"connection\\\";s:5:\\\"mysql\\\";s:15:\\\"collectionClass\\\";N;}}s:2:\\\"to\\\";a:1:{i:0;a:2:{s:4:\\\"name\\\";N;s:7:\\\"address\\\";s:36:\\\"pandeynarendra.18080107033@gmail.com\\\";}}s:6:\\\"mailer\\\";s:4:\\\"smtp\\\";}s:5:\\\"tries\\\";N;s:7:\\\"timeout\\\";N;s:13:\\\"maxExceptions\\\";N;s:17:\\\"shouldBeEncrypted\\\";b:0;s:10:\\\"connection\\\";N;s:5:\\\"queue\\\";N;s:12:\\\"messageGroup\\\";N;s:12:\\\"deduplicator\\\";N;s:5:\\\"delay\\\";N;s:11:\\\"afterCommit\\\";N;s:10:\\\"middleware\\\";a:0:{}s:7:\\\"chained\\\";a:0:{}s:15:\\\"chainConnection\\\";N;s:10:\\\"chainQueue\\\";N;s:19:\\\"chainCatchCallbacks\\\";N;s:3:\\\"job\\\";N;}\"},\"createdAt\":1767878178,\"delay\":null}', 'Symfony\\Component\\Routing\\Exception\\RouteNotFoundException: Route [home] not defined. in C:\\xampp8.2\\htdocs\\hipsterB\\test-app\\vendor\\laravel\\framework\\src\\Illuminate\\Routing\\UrlGenerator.php:526\nStack trace:\n#0 C:\\xampp8.2\\htdocs\\hipsterB\\test-app\\vendor\\laravel\\framework\\src\\Illuminate\\Foundation\\helpers.php(871): Illuminate\\Routing\\UrlGenerator->route(\'home\', Array, true)\n#1 C:\\xampp8.2\\htdocs\\hipsterB\\test-app\\storage\\framework\\views\\5aae2f6e3e4c2e09758cc3fa79a78240.php(25): route(\'home\')\n#2 C:\\xampp8.2\\htdocs\\hipsterB\\test-app\\vendor\\laravel\\framework\\src\\Illuminate\\Filesystem\\Filesystem.php(123): require(\'C:\\\\xampp8.2\\\\htd...\')\n#3 C:\\xampp8.2\\htdocs\\hipsterB\\test-app\\vendor\\laravel\\framework\\src\\Illuminate\\Filesystem\\Filesystem.php(124): Illuminate\\Filesystem\\Filesystem::Illuminate\\Filesystem\\{closure}()\n#4 C:\\xampp8.2\\htdocs\\hipsterB\\test-app\\vendor\\laravel\\framework\\src\\Illuminate\\View\\Engines\\PhpEngine.php(57): Illuminate\\Filesystem\\Filesystem->getRequire(\'C:\\\\xampp8.2\\\\htd...\', Array)\n#5 C:\\xampp8.2\\htdocs\\hipsterB\\test-app\\vendor\\laravel\\framework\\src\\Illuminate\\View\\Engines\\CompilerEngine.php(76): Illuminate\\View\\Engines\\PhpEngine->evaluatePath(\'C:\\\\xampp8.2\\\\htd...\', Array)\n#6 C:\\xampp8.2\\htdocs\\hipsterB\\test-app\\vendor\\laravel\\framework\\src\\Illuminate\\View\\View.php(208): Illuminate\\View\\Engines\\CompilerEngine->get(\'C:\\\\xampp8.2\\\\htd...\', Array)\n#7 C:\\xampp8.2\\htdocs\\hipsterB\\test-app\\vendor\\laravel\\framework\\src\\Illuminate\\View\\View.php(191): Illuminate\\View\\View->getContents()\n#8 C:\\xampp8.2\\htdocs\\hipsterB\\test-app\\vendor\\laravel\\framework\\src\\Illuminate\\View\\View.php(160): Illuminate\\View\\View->renderContents()\n#9 C:\\xampp8.2\\htdocs\\hipsterB\\test-app\\vendor\\laravel\\framework\\src\\Illuminate\\Mail\\Markdown.php(93): Illuminate\\View\\View->render()\n#10 [internal function]: Illuminate\\Mail\\Markdown->Illuminate\\Mail\\{closure}()\n#11 C:\\xampp8.2\\htdocs\\hipsterB\\test-app\\vendor\\laravel\\framework\\src\\Illuminate\\View\\Compilers\\BladeCompiler.php(1040): call_user_func(Object(Closure))\n#12 C:\\xampp8.2\\htdocs\\hipsterB\\test-app\\vendor\\laravel\\framework\\src\\Illuminate\\Mail\\Markdown.php(75): Illuminate\\View\\Compilers\\BladeCompiler->usingEchoFormat(\'new \\\\Illuminate...\', Object(Closure))\n#13 C:\\xampp8.2\\htdocs\\hipsterB\\test-app\\vendor\\laravel\\framework\\src\\Illuminate\\Mail\\Mailable.php(387): Illuminate\\Mail\\Markdown->render(\'emails.discount...\', Array)\n#14 C:\\xampp8.2\\htdocs\\hipsterB\\test-app\\vendor\\laravel\\framework\\src\\Illuminate\\Collections\\helpers.php(266): Illuminate\\Mail\\Mailable->Illuminate\\Mail\\{closure}(Array)\n#15 C:\\xampp8.2\\htdocs\\hipsterB\\test-app\\vendor\\laravel\\framework\\src\\Illuminate\\Mail\\Mailer.php(440): value(Object(Closure), Array)\n#16 C:\\xampp8.2\\htdocs\\hipsterB\\test-app\\vendor\\laravel\\framework\\src\\Illuminate\\Mail\\Mailer.php(419): Illuminate\\Mail\\Mailer->renderView(Object(Closure), Array)\n#17 C:\\xampp8.2\\htdocs\\hipsterB\\test-app\\vendor\\laravel\\framework\\src\\Illuminate\\Mail\\Mailer.php(312): Illuminate\\Mail\\Mailer->addContent(Object(Illuminate\\Mail\\Message), Object(Closure), Object(Closure), NULL, Array)\n#18 C:\\xampp8.2\\htdocs\\hipsterB\\test-app\\vendor\\laravel\\framework\\src\\Illuminate\\Mail\\Mailable.php(207): Illuminate\\Mail\\Mailer->send(Object(Closure), Array, Object(Closure))\n#19 C:\\xampp8.2\\htdocs\\hipsterB\\test-app\\vendor\\laravel\\framework\\src\\Illuminate\\Support\\Traits\\Localizable.php(19): Illuminate\\Mail\\Mailable->Illuminate\\Mail\\{closure}()\n#20 C:\\xampp8.2\\htdocs\\hipsterB\\test-app\\vendor\\laravel\\framework\\src\\Illuminate\\Mail\\Mailable.php(200): Illuminate\\Mail\\Mailable->withLocale(NULL, Object(Closure))\n#21 C:\\xampp8.2\\htdocs\\hipsterB\\test-app\\vendor\\laravel\\framework\\src\\Illuminate\\Mail\\SendQueuedMailable.php(82): Illuminate\\Mail\\Mailable->send(Object(Illuminate\\Mail\\MailManager))\n#22 C:\\xampp8.2\\htdocs\\hipsterB\\test-app\\vendor\\laravel\\framework\\src\\Illuminate\\Container\\BoundMethod.php(36): Illuminate\\Mail\\SendQueuedMailable->handle(Object(Illuminate\\Mail\\MailManager))\n#23 C:\\xampp8.2\\htdocs\\hipsterB\\test-app\\vendor\\laravel\\framework\\src\\Illuminate\\Container\\Util.php(43): Illuminate\\Container\\BoundMethod::Illuminate\\Container\\{closure}()\n#24 C:\\xampp8.2\\htdocs\\hipsterB\\test-app\\vendor\\laravel\\framework\\src\\Illuminate\\Container\\BoundMethod.php(96): Illuminate\\Container\\Util::unwrapIfClosure(Object(Closure))\n#25 C:\\xampp8.2\\htdocs\\hipsterB\\test-app\\vendor\\laravel\\framework\\src\\Illuminate\\Container\\BoundMethod.php(35): Illuminate\\Container\\BoundMethod::callBoundMethod(Object(Illuminate\\Foundation\\Application), Array, Object(Closure))\n#26 C:\\xampp8.2\\htdocs\\hipsterB\\test-app\\vendor\\laravel\\framework\\src\\Illuminate\\Container\\Container.php(799): Illuminate\\Container\\BoundMethod::call(Object(Illuminate\\Foundation\\Application), Array, Array, NULL)\n#27 C:\\xampp8.2\\htdocs\\hipsterB\\test-app\\vendor\\laravel\\framework\\src\\Illuminate\\Bus\\Dispatcher.php(129): Illuminate\\Container\\Container->call(Array)\n#28 C:\\xampp8.2\\htdocs\\hipsterB\\test-app\\vendor\\laravel\\framework\\src\\Illuminate\\Pipeline\\Pipeline.php(180): Illuminate\\Bus\\Dispatcher->Illuminate\\Bus\\{closure}(Object(Illuminate\\Mail\\SendQueuedMailable))\n#29 C:\\xampp8.2\\htdocs\\hipsterB\\test-app\\vendor\\laravel\\framework\\src\\Illuminate\\Pipeline\\Pipeline.php(137): Illuminate\\Pipeline\\Pipeline->Illuminate\\Pipeline\\{closure}(Object(Illuminate\\Mail\\SendQueuedMailable))\n#30 C:\\xampp8.2\\htdocs\\hipsterB\\test-app\\vendor\\laravel\\framework\\src\\Illuminate\\Bus\\Dispatcher.php(133): Illuminate\\Pipeline\\Pipeline->then(Object(Closure))\n#31 C:\\xampp8.2\\htdocs\\hipsterB\\test-app\\vendor\\laravel\\framework\\src\\Illuminate\\Queue\\CallQueuedHandler.php(134): Illuminate\\Bus\\Dispatcher->dispatchNow(Object(Illuminate\\Mail\\SendQueuedMailable), false)\n#32 C:\\xampp8.2\\htdocs\\hipsterB\\test-app\\vendor\\laravel\\framework\\src\\Illuminate\\Pipeline\\Pipeline.php(180): Illuminate\\Queue\\CallQueuedHandler->Illuminate\\Queue\\{closure}(Object(Illuminate\\Mail\\SendQueuedMailable))\n#33 C:\\xampp8.2\\htdocs\\hipsterB\\test-app\\vendor\\laravel\\framework\\src\\Illuminate\\Pipeline\\Pipeline.php(137): Illuminate\\Pipeline\\Pipeline->Illuminate\\Pipeline\\{closure}(Object(Illuminate\\Mail\\SendQueuedMailable))\n#34 C:\\xampp8.2\\htdocs\\hipsterB\\test-app\\vendor\\laravel\\framework\\src\\Illuminate\\Queue\\CallQueuedHandler.php(127): Illuminate\\Pipeline\\Pipeline->then(Object(Closure))\n#35 C:\\xampp8.2\\htdocs\\hipsterB\\test-app\\vendor\\laravel\\framework\\src\\Illuminate\\Queue\\CallQueuedHandler.php(68): Illuminate\\Queue\\CallQueuedHandler->dispatchThroughMiddleware(Object(Illuminate\\Queue\\Jobs\\DatabaseJob), Object(Illuminate\\Mail\\SendQueuedMailable))\n#36 C:\\xampp8.2\\htdocs\\hipsterB\\test-app\\vendor\\laravel\\framework\\src\\Illuminate\\Queue\\Jobs\\Job.php(102): Illuminate\\Queue\\CallQueuedHandler->call(Object(Illuminate\\Queue\\Jobs\\DatabaseJob), Array)\n#37 C:\\xampp8.2\\htdocs\\hipsterB\\test-app\\vendor\\laravel\\framework\\src\\Illuminate\\Queue\\Worker.php(487): Illuminate\\Queue\\Jobs\\Job->fire()\n#38 C:\\xampp8.2\\htdocs\\hipsterB\\test-app\\vendor\\laravel\\framework\\src\\Illuminate\\Queue\\Worker.php(437): Illuminate\\Queue\\Worker->process(\'database\', Object(Illuminate\\Queue\\Jobs\\DatabaseJob), Object(Illuminate\\Queue\\WorkerOptions))\n#39 C:\\xampp8.2\\htdocs\\hipsterB\\test-app\\vendor\\laravel\\framework\\src\\Illuminate\\Queue\\Worker.php(201): Illuminate\\Queue\\Worker->runJob(Object(Illuminate\\Queue\\Jobs\\DatabaseJob), \'database\', Object(Illuminate\\Queue\\WorkerOptions))\n#40 C:\\xampp8.2\\htdocs\\hipsterB\\test-app\\vendor\\laravel\\framework\\src\\Illuminate\\Queue\\Console\\WorkCommand.php(148): Illuminate\\Queue\\Worker->daemon(\'database\', \'default\', Object(Illuminate\\Queue\\WorkerOptions))\n#41 C:\\xampp8.2\\htdocs\\hipsterB\\test-app\\vendor\\laravel\\framework\\src\\Illuminate\\Queue\\Console\\WorkCommand.php(131): Illuminate\\Queue\\Console\\WorkCommand->runWorker(\'database\', \'default\')\n#42 C:\\xampp8.2\\htdocs\\hipsterB\\test-app\\vendor\\laravel\\framework\\src\\Illuminate\\Container\\BoundMethod.php(36): Illuminate\\Queue\\Console\\WorkCommand->handle()\n#43 C:\\xampp8.2\\htdocs\\hipsterB\\test-app\\vendor\\laravel\\framework\\src\\Illuminate\\Container\\Util.php(43): Illuminate\\Container\\BoundMethod::Illuminate\\Container\\{closure}()\n#44 C:\\xampp8.2\\htdocs\\hipsterB\\test-app\\vendor\\laravel\\framework\\src\\Illuminate\\Container\\BoundMethod.php(96): Illuminate\\Container\\Util::unwrapIfClosure(Object(Closure))\n#45 C:\\xampp8.2\\htdocs\\hipsterB\\test-app\\vendor\\laravel\\framework\\src\\Illuminate\\Container\\BoundMethod.php(35): Illuminate\\Container\\BoundMethod::callBoundMethod(Object(Illuminate\\Foundation\\Application), Array, Object(Closure))\n#46 C:\\xampp8.2\\htdocs\\hipsterB\\test-app\\vendor\\laravel\\framework\\src\\Illuminate\\Container\\Container.php(799): Illuminate\\Container\\BoundMethod::call(Object(Illuminate\\Foundation\\Application), Array, Array, NULL)\n#47 C:\\xampp8.2\\htdocs\\hipsterB\\test-app\\vendor\\laravel\\framework\\src\\Illuminate\\Console\\Command.php(211): Illuminate\\Container\\Container->call(Array)\n#48 C:\\xampp8.2\\htdocs\\hipsterB\\test-app\\vendor\\symfony\\console\\Command\\Command.php(341): Illuminate\\Console\\Command->execute(Object(Symfony\\Component\\Console\\Input\\ArgvInput), Object(Illuminate\\Console\\OutputStyle))\n#49 C:\\xampp8.2\\htdocs\\hipsterB\\test-app\\vendor\\laravel\\framework\\src\\Illuminate\\Console\\Command.php(180): Symfony\\Component\\Console\\Command\\Command->run(Object(Symfony\\Component\\Console\\Input\\ArgvInput), Object(Illuminate\\Console\\OutputStyle))\n#50 C:\\xampp8.2\\htdocs\\hipsterB\\test-app\\vendor\\symfony\\console\\Application.php(1102): Illuminate\\Console\\Command->run(Object(Symfony\\Component\\Console\\Input\\ArgvInput), Object(Symfony\\Component\\Console\\Output\\ConsoleOutput))\n#51 C:\\xampp8.2\\htdocs\\hipsterB\\test-app\\vendor\\symfony\\console\\Application.php(356): Symfony\\Component\\Console\\Application->doRunCommand(Object(Illuminate\\Queue\\Console\\WorkCommand), Object(Symfony\\Component\\Console\\Input\\ArgvInput), Object(Symfony\\Component\\Console\\Output\\ConsoleOutput))\n#52 C:\\xampp8.2\\htdocs\\hipsterB\\test-app\\vendor\\symfony\\console\\Application.php(195): Symfony\\Component\\Console\\Application->doRun(Object(Symfony\\Component\\Console\\Input\\ArgvInput), Object(Symfony\\Component\\Console\\Output\\ConsoleOutput))\n#53 C:\\xampp8.2\\htdocs\\hipsterB\\test-app\\vendor\\laravel\\framework\\src\\Illuminate\\Foundation\\Console\\Kernel.php(198): Symfony\\Component\\Console\\Application->run(Object(Symfony\\Component\\Console\\Input\\ArgvInput), Object(Symfony\\Component\\Console\\Output\\ConsoleOutput))\n#54 C:\\xampp8.2\\htdocs\\hipsterB\\test-app\\vendor\\laravel\\framework\\src\\Illuminate\\Foundation\\Application.php(1235): Illuminate\\Foundation\\Console\\Kernel->handle(Object(Symfony\\Component\\Console\\Input\\ArgvInput), Object(Symfony\\Component\\Console\\Output\\ConsoleOutput))\n#55 C:\\xampp8.2\\htdocs\\hipsterB\\test-app\\artisan(16): Illuminate\\Foundation\\Application->handleCommand(Object(Symfony\\Component\\Console\\Input\\ArgvInput))\n#56 {main}\n\nNext Illuminate\\View\\ViewException: Route [home] not defined. (View: C:\\xampp8.2\\htdocs\\hipsterB\\test-app\\resources\\views\\emails\\discount-assigned.blade.php) in C:\\xampp8.2\\htdocs\\hipsterB\\test-app\\vendor\\laravel\\framework\\src\\Illuminate\\Routing\\UrlGenerator.php:526\nStack trace:\n#0 C:\\xampp8.2\\htdocs\\hipsterB\\test-app\\vendor\\laravel\\framework\\src\\Illuminate\\View\\Engines\\PhpEngine.php(59): Illuminate\\View\\Engines\\CompilerEngine->handleViewException(Object(Symfony\\Component\\Routing\\Exception\\RouteNotFoundException), 0)\n#1 C:\\xampp8.2\\htdocs\\hipsterB\\test-app\\vendor\\laravel\\framework\\src\\Illuminate\\View\\Engines\\CompilerEngine.php(76): Illuminate\\View\\Engines\\PhpEngine->evaluatePath(\'C:\\\\xampp8.2\\\\htd...\', Array)\n#2 C:\\xampp8.2\\htdocs\\hipsterB\\test-app\\vendor\\laravel\\framework\\src\\Illuminate\\View\\View.php(208): Illuminate\\View\\Engines\\CompilerEngine->get(\'C:\\\\xampp8.2\\\\htd...\', Array)\n#3 C:\\xampp8.2\\htdocs\\hipsterB\\test-app\\vendor\\laravel\\framework\\src\\Illuminate\\View\\View.php(191): Illuminate\\View\\View->getContents()\n#4 C:\\xampp8.2\\htdocs\\hipsterB\\test-app\\vendor\\laravel\\framework\\src\\Illuminate\\View\\View.php(160): Illuminate\\View\\View->renderContents()\n#5 C:\\xampp8.2\\htdocs\\hipsterB\\test-app\\vendor\\laravel\\framework\\src\\Illuminate\\Mail\\Markdown.php(93): Illuminate\\View\\View->render()\n#6 [internal function]: Illuminate\\Mail\\Markdown->Illuminate\\Mail\\{closure}()\n#7 C:\\xampp8.2\\htdocs\\hipsterB\\test-app\\vendor\\laravel\\framework\\src\\Illuminate\\View\\Compilers\\BladeCompiler.php(1040): call_user_func(Object(Closure))\n#8 C:\\xampp8.2\\htdocs\\hipsterB\\test-app\\vendor\\laravel\\framework\\src\\Illuminate\\Mail\\Markdown.php(75): Illuminate\\View\\Compilers\\BladeCompiler->usingEchoFormat(\'new \\\\Illuminate...\', Object(Closure))\n#9 C:\\xampp8.2\\htdocs\\hipsterB\\test-app\\vendor\\laravel\\framework\\src\\Illuminate\\Mail\\Mailable.php(387): Illuminate\\Mail\\Markdown->render(\'emails.discount...\', Array)\n#10 C:\\xampp8.2\\htdocs\\hipsterB\\test-app\\vendor\\laravel\\framework\\src\\Illuminate\\Collections\\helpers.php(266): Illuminate\\Mail\\Mailable->Illuminate\\Mail\\{closure}(Array)\n#11 C:\\xampp8.2\\htdocs\\hipsterB\\test-app\\vendor\\laravel\\framework\\src\\Illuminate\\Mail\\Mailer.php(440): value(Object(Closure), Array)\n#12 C:\\xampp8.2\\htdocs\\hipsterB\\test-app\\vendor\\laravel\\framework\\src\\Illuminate\\Mail\\Mailer.php(419): Illuminate\\Mail\\Mailer->renderView(Object(Closure), Array)\n#13 C:\\xampp8.2\\htdocs\\hipsterB\\test-app\\vendor\\laravel\\framework\\src\\Illuminate\\Mail\\Mailer.php(312): Illuminate\\Mail\\Mailer->addContent(Object(Illuminate\\Mail\\Message), Object(Closure), Object(Closure), NULL, Array)\n#14 C:\\xampp8.2\\htdocs\\hipsterB\\test-app\\vendor\\laravel\\framework\\src\\Illuminate\\Mail\\Mailable.php(207): Illuminate\\Mail\\Mailer->send(Object(Closure), Array, Object(Closure))\n#15 C:\\xampp8.2\\htdocs\\hipsterB\\test-app\\vendor\\laravel\\framework\\src\\Illuminate\\Support\\Traits\\Localizable.php(19): Illuminate\\Mail\\Mailable->Illuminate\\Mail\\{closure}()\n#16 C:\\xampp8.2\\htdocs\\hipsterB\\test-app\\vendor\\laravel\\framework\\src\\Illuminate\\Mail\\Mailable.php(200): Illuminate\\Mail\\Mailable->withLocale(NULL, Object(Closure))\n#17 C:\\xampp8.2\\htdocs\\hipsterB\\test-app\\vendor\\laravel\\framework\\src\\Illuminate\\Mail\\SendQueuedMailable.php(82): Illuminate\\Mail\\Mailable->send(Object(Illuminate\\Mail\\MailManager))\n#18 C:\\xampp8.2\\htdocs\\hipsterB\\test-app\\vendor\\laravel\\framework\\src\\Illuminate\\Container\\BoundMethod.php(36): Illuminate\\Mail\\SendQueuedMailable->handle(Object(Illuminate\\Mail\\MailManager))\n#19 C:\\xampp8.2\\htdocs\\hipsterB\\test-app\\vendor\\laravel\\framework\\src\\Illuminate\\Container\\Util.php(43): Illuminate\\Container\\BoundMethod::Illuminate\\Container\\{closure}()\n#20 C:\\xampp8.2\\htdocs\\hipsterB\\test-app\\vendor\\laravel\\framework\\src\\Illuminate\\Container\\BoundMethod.php(96): Illuminate\\Container\\Util::unwrapIfClosure(Object(Closure))\n#21 C:\\xampp8.2\\htdocs\\hipsterB\\test-app\\vendor\\laravel\\framework\\src\\Illuminate\\Container\\BoundMethod.php(35): Illuminate\\Container\\BoundMethod::callBoundMethod(Object(Illuminate\\Foundation\\Application), Array, Object(Closure))\n#22 C:\\xampp8.2\\htdocs\\hipsterB\\test-app\\vendor\\laravel\\framework\\src\\Illuminate\\Container\\Container.php(799): Illuminate\\Container\\BoundMethod::call(Object(Illuminate\\Foundation\\Application), Array, Array, NULL)\n#23 C:\\xampp8.2\\htdocs\\hipsterB\\test-app\\vendor\\laravel\\framework\\src\\Illuminate\\Bus\\Dispatcher.php(129): Illuminate\\Container\\Container->call(Array)\n#24 C:\\xampp8.2\\htdocs\\hipsterB\\test-app\\vendor\\laravel\\framework\\src\\Illuminate\\Pipeline\\Pipeline.php(180): Illuminate\\Bus\\Dispatcher->Illuminate\\Bus\\{closure}(Object(Illuminate\\Mail\\SendQueuedMailable))\n#25 C:\\xampp8.2\\htdocs\\hipsterB\\test-app\\vendor\\laravel\\framework\\src\\Illuminate\\Pipeline\\Pipeline.php(137): Illuminate\\Pipeline\\Pipeline->Illuminate\\Pipeline\\{closure}(Object(Illuminate\\Mail\\SendQueuedMailable))\n#26 C:\\xampp8.2\\htdocs\\hipsterB\\test-app\\vendor\\laravel\\framework\\src\\Illuminate\\Bus\\Dispatcher.php(133): Illuminate\\Pipeline\\Pipeline->then(Object(Closure))\n#27 C:\\xampp8.2\\htdocs\\hipsterB\\test-app\\vendor\\laravel\\framework\\src\\Illuminate\\Queue\\CallQueuedHandler.php(134): Illuminate\\Bus\\Dispatcher->dispatchNow(Object(Illuminate\\Mail\\SendQueuedMailable), false)\n#28 C:\\xampp8.2\\htdocs\\hipsterB\\test-app\\vendor\\laravel\\framework\\src\\Illuminate\\Pipeline\\Pipeline.php(180): Illuminate\\Queue\\CallQueuedHandler->Illuminate\\Queue\\{closure}(Object(Illuminate\\Mail\\SendQueuedMailable))\n#29 C:\\xampp8.2\\htdocs\\hipsterB\\test-app\\vendor\\laravel\\framework\\src\\Illuminate\\Pipeline\\Pipeline.php(137): Illuminate\\Pipeline\\Pipeline->Illuminate\\Pipeline\\{closure}(Object(Illuminate\\Mail\\SendQueuedMailable))\n#30 C:\\xampp8.2\\htdocs\\hipsterB\\test-app\\vendor\\laravel\\framework\\src\\Illuminate\\Queue\\CallQueuedHandler.php(127): Illuminate\\Pipeline\\Pipeline->then(Object(Closure))\n#31 C:\\xampp8.2\\htdocs\\hipsterB\\test-app\\vendor\\laravel\\framework\\src\\Illuminate\\Queue\\CallQueuedHandler.php(68): Illuminate\\Queue\\CallQueuedHandler->dispatchThroughMiddleware(Object(Illuminate\\Queue\\Jobs\\DatabaseJob), Object(Illuminate\\Mail\\SendQueuedMailable))\n#32 C:\\xampp8.2\\htdocs\\hipsterB\\test-app\\vendor\\laravel\\framework\\src\\Illuminate\\Queue\\Jobs\\Job.php(102): Illuminate\\Queue\\CallQueuedHandler->call(Object(Illuminate\\Queue\\Jobs\\DatabaseJob), Array)\n#33 C:\\xampp8.2\\htdocs\\hipsterB\\test-app\\vendor\\laravel\\framework\\src\\Illuminate\\Queue\\Worker.php(487): Illuminate\\Queue\\Jobs\\Job->fire()\n#34 C:\\xampp8.2\\htdocs\\hipsterB\\test-app\\vendor\\laravel\\framework\\src\\Illuminate\\Queue\\Worker.php(437): Illuminate\\Queue\\Worker->process(\'database\', Object(Illuminate\\Queue\\Jobs\\DatabaseJob), Object(Illuminate\\Queue\\WorkerOptions))\n#35 C:\\xampp8.2\\htdocs\\hipsterB\\test-app\\vendor\\laravel\\framework\\src\\Illuminate\\Queue\\Worker.php(201): Illuminate\\Queue\\Worker->runJob(Object(Illuminate\\Queue\\Jobs\\DatabaseJob), \'database\', Object(Illuminate\\Queue\\WorkerOptions))\n#36 C:\\xampp8.2\\htdocs\\hipsterB\\test-app\\vendor\\laravel\\framework\\src\\Illuminate\\Queue\\Console\\WorkCommand.php(148): Illuminate\\Queue\\Worker->daemon(\'database\', \'default\', Object(Illuminate\\Queue\\WorkerOptions))\n#37 C:\\xampp8.2\\htdocs\\hipsterB\\test-app\\vendor\\laravel\\framework\\src\\Illuminate\\Queue\\Console\\WorkCommand.php(131): Illuminate\\Queue\\Console\\WorkCommand->runWorker(\'database\', \'default\')\n#38 C:\\xampp8.2\\htdocs\\hipsterB\\test-app\\vendor\\laravel\\framework\\src\\Illuminate\\Container\\BoundMethod.php(36): Illuminate\\Queue\\Console\\WorkCommand->handle()\n#39 C:\\xampp8.2\\htdocs\\hipsterB\\test-app\\vendor\\laravel\\framework\\src\\Illuminate\\Container\\Util.php(43): Illuminate\\Container\\BoundMethod::Illuminate\\Container\\{closure}()\n#40 C:\\xampp8.2\\htdocs\\hipsterB\\test-app\\vendor\\laravel\\framework\\src\\Illuminate\\Container\\BoundMethod.php(96): Illuminate\\Container\\Util::unwrapIfClosure(Object(Closure))\n#41 C:\\xampp8.2\\htdocs\\hipsterB\\test-app\\vendor\\laravel\\framework\\src\\Illuminate\\Container\\BoundMethod.php(35): Illuminate\\Container\\BoundMethod::callBoundMethod(Object(Illuminate\\Foundation\\Application), Array, Object(Closure))\n#42 C:\\xampp8.2\\htdocs\\hipsterB\\test-app\\vendor\\laravel\\framework\\src\\Illuminate\\Container\\Container.php(799): Illuminate\\Container\\BoundMethod::call(Object(Illuminate\\Foundation\\Application), Array, Array, NULL)\n#43 C:\\xampp8.2\\htdocs\\hipsterB\\test-app\\vendor\\laravel\\framework\\src\\Illuminate\\Console\\Command.php(211): Illuminate\\Container\\Container->call(Array)\n#44 C:\\xampp8.2\\htdocs\\hipsterB\\test-app\\vendor\\symfony\\console\\Command\\Command.php(341): Illuminate\\Console\\Command->execute(Object(Symfony\\Component\\Console\\Input\\ArgvInput), Object(Illuminate\\Console\\OutputStyle))\n#45 C:\\xampp8.2\\htdocs\\hipsterB\\test-app\\vendor\\laravel\\framework\\src\\Illuminate\\Console\\Command.php(180): Symfony\\Component\\Console\\Command\\Command->run(Object(Symfony\\Component\\Console\\Input\\ArgvInput), Object(Illuminate\\Console\\OutputStyle))\n#46 C:\\xampp8.2\\htdocs\\hipsterB\\test-app\\vendor\\symfony\\console\\Application.php(1102): Illuminate\\Console\\Command->run(Object(Symfony\\Component\\Console\\Input\\ArgvInput), Object(Symfony\\Component\\Console\\Output\\ConsoleOutput))\n#47 C:\\xampp8.2\\htdocs\\hipsterB\\test-app\\vendor\\symfony\\console\\Application.php(356): Symfony\\Component\\Console\\Application->doRunCommand(Object(Illuminate\\Queue\\Console\\WorkCommand), Object(Symfony\\Component\\Console\\Input\\ArgvInput), Object(Symfony\\Component\\Console\\Output\\ConsoleOutput))\n#48 C:\\xampp8.2\\htdocs\\hipsterB\\test-app\\vendor\\symfony\\console\\Application.php(195): Symfony\\Component\\Console\\Application->doRun(Object(Symfony\\Component\\Console\\Input\\ArgvInput), Object(Symfony\\Component\\Console\\Output\\ConsoleOutput))\n#49 C:\\xampp8.2\\htdocs\\hipsterB\\test-app\\vendor\\laravel\\framework\\src\\Illuminate\\Foundation\\Console\\Kernel.php(198): Symfony\\Component\\Console\\Application->run(Object(Symfony\\Component\\Console\\Input\\ArgvInput), Object(Symfony\\Component\\Console\\Output\\ConsoleOutput))\n#50 C:\\xampp8.2\\htdocs\\hipsterB\\test-app\\vendor\\laravel\\framework\\src\\Illuminate\\Foundation\\Application.php(1235): Illuminate\\Foundation\\Console\\Kernel->handle(Object(Symfony\\Component\\Console\\Input\\ArgvInput), Object(Symfony\\Component\\Console\\Output\\ConsoleOutput))\n#51 C:\\xampp8.2\\htdocs\\hipsterB\\test-app\\artisan(16): Illuminate\\Foundation\\Application->handleCommand(Object(Symfony\\Component\\Console\\Input\\ArgvInput))\n#52 {main}', '2026-01-08 07:46:19');
INSERT INTO `failed_jobs` (`id`, `uuid`, `connection`, `queue`, `payload`, `exception`, `failed_at`) VALUES
(6, 'f4ecd044-5897-4b5a-a380-f5dd3ddfd187', 'database', 'default', '{\"uuid\":\"f4ecd044-5897-4b5a-a380-f5dd3ddfd187\",\"displayName\":\"App\\\\Mail\\\\DiscountAssignedMail\",\"job\":\"Illuminate\\\\Queue\\\\CallQueuedHandler@call\",\"maxTries\":null,\"maxExceptions\":null,\"failOnTimeout\":false,\"backoff\":null,\"timeout\":null,\"retryUntil\":null,\"data\":{\"commandName\":\"Illuminate\\\\Mail\\\\SendQueuedMailable\",\"command\":\"O:34:\\\"Illuminate\\\\Mail\\\\SendQueuedMailable\\\":17:{s:8:\\\"mailable\\\";O:29:\\\"App\\\\Mail\\\\DiscountAssignedMail\\\":3:{s:5:\\\"event\\\";O:42:\\\"Acme\\\\UserDiscounts\\\\Events\\\\DiscountAssigned\\\":3:{s:4:\\\"user\\\";O:45:\\\"Illuminate\\\\Contracts\\\\Database\\\\ModelIdentifier\\\":5:{s:5:\\\"class\\\";s:15:\\\"App\\\\Models\\\\User\\\";s:2:\\\"id\\\";i:6;s:9:\\\"relations\\\";a:0:{}s:10:\\\"connection\\\";s:5:\\\"mysql\\\";s:15:\\\"collectionClass\\\";N;}s:8:\\\"discount\\\";O:45:\\\"Illuminate\\\\Contracts\\\\Database\\\\ModelIdentifier\\\":5:{s:5:\\\"class\\\";s:34:\\\"Acme\\\\UserDiscounts\\\\Models\\\\Discount\\\";s:2:\\\"id\\\";i:16;s:9:\\\"relations\\\";a:0:{}s:10:\\\"connection\\\";s:5:\\\"mysql\\\";s:15:\\\"collectionClass\\\";N;}s:12:\\\"userDiscount\\\";O:45:\\\"Illuminate\\\\Contracts\\\\Database\\\\ModelIdentifier\\\":5:{s:5:\\\"class\\\";s:38:\\\"Acme\\\\UserDiscounts\\\\Models\\\\UserDiscount\\\";s:2:\\\"id\\\";i:10;s:9:\\\"relations\\\";a:0:{}s:10:\\\"connection\\\";s:5:\\\"mysql\\\";s:15:\\\"collectionClass\\\";N;}}s:2:\\\"to\\\";a:1:{i:0;a:2:{s:4:\\\"name\\\";N;s:7:\\\"address\\\";s:36:\\\"pandeynarendra.18080107033@gmail.com\\\";}}s:6:\\\"mailer\\\";s:4:\\\"smtp\\\";}s:5:\\\"tries\\\";N;s:7:\\\"timeout\\\";N;s:13:\\\"maxExceptions\\\";N;s:17:\\\"shouldBeEncrypted\\\";b:0;s:10:\\\"connection\\\";N;s:5:\\\"queue\\\";N;s:12:\\\"messageGroup\\\";N;s:12:\\\"deduplicator\\\";N;s:5:\\\"delay\\\";N;s:11:\\\"afterCommit\\\";N;s:10:\\\"middleware\\\";a:0:{}s:7:\\\"chained\\\";a:0:{}s:15:\\\"chainConnection\\\";N;s:10:\\\"chainQueue\\\";N;s:19:\\\"chainCatchCallbacks\\\";N;s:3:\\\"job\\\";N;}\"},\"createdAt\":1767878178,\"delay\":null}', 'Symfony\\Component\\Routing\\Exception\\RouteNotFoundException: Route [home] not defined. in C:\\xampp8.2\\htdocs\\hipsterB\\test-app\\vendor\\laravel\\framework\\src\\Illuminate\\Routing\\UrlGenerator.php:526\nStack trace:\n#0 C:\\xampp8.2\\htdocs\\hipsterB\\test-app\\vendor\\laravel\\framework\\src\\Illuminate\\Foundation\\helpers.php(871): Illuminate\\Routing\\UrlGenerator->route(\'home\', Array, true)\n#1 C:\\xampp8.2\\htdocs\\hipsterB\\test-app\\storage\\framework\\views\\5aae2f6e3e4c2e09758cc3fa79a78240.php(25): route(\'home\')\n#2 C:\\xampp8.2\\htdocs\\hipsterB\\test-app\\vendor\\laravel\\framework\\src\\Illuminate\\Filesystem\\Filesystem.php(123): require(\'C:\\\\xampp8.2\\\\htd...\')\n#3 C:\\xampp8.2\\htdocs\\hipsterB\\test-app\\vendor\\laravel\\framework\\src\\Illuminate\\Filesystem\\Filesystem.php(124): Illuminate\\Filesystem\\Filesystem::Illuminate\\Filesystem\\{closure}()\n#4 C:\\xampp8.2\\htdocs\\hipsterB\\test-app\\vendor\\laravel\\framework\\src\\Illuminate\\View\\Engines\\PhpEngine.php(57): Illuminate\\Filesystem\\Filesystem->getRequire(\'C:\\\\xampp8.2\\\\htd...\', Array)\n#5 C:\\xampp8.2\\htdocs\\hipsterB\\test-app\\vendor\\laravel\\framework\\src\\Illuminate\\View\\Engines\\CompilerEngine.php(76): Illuminate\\View\\Engines\\PhpEngine->evaluatePath(\'C:\\\\xampp8.2\\\\htd...\', Array)\n#6 C:\\xampp8.2\\htdocs\\hipsterB\\test-app\\vendor\\laravel\\framework\\src\\Illuminate\\View\\View.php(208): Illuminate\\View\\Engines\\CompilerEngine->get(\'C:\\\\xampp8.2\\\\htd...\', Array)\n#7 C:\\xampp8.2\\htdocs\\hipsterB\\test-app\\vendor\\laravel\\framework\\src\\Illuminate\\View\\View.php(191): Illuminate\\View\\View->getContents()\n#8 C:\\xampp8.2\\htdocs\\hipsterB\\test-app\\vendor\\laravel\\framework\\src\\Illuminate\\View\\View.php(160): Illuminate\\View\\View->renderContents()\n#9 C:\\xampp8.2\\htdocs\\hipsterB\\test-app\\vendor\\laravel\\framework\\src\\Illuminate\\Mail\\Markdown.php(93): Illuminate\\View\\View->render()\n#10 [internal function]: Illuminate\\Mail\\Markdown->Illuminate\\Mail\\{closure}()\n#11 C:\\xampp8.2\\htdocs\\hipsterB\\test-app\\vendor\\laravel\\framework\\src\\Illuminate\\View\\Compilers\\BladeCompiler.php(1040): call_user_func(Object(Closure))\n#12 C:\\xampp8.2\\htdocs\\hipsterB\\test-app\\vendor\\laravel\\framework\\src\\Illuminate\\Mail\\Markdown.php(75): Illuminate\\View\\Compilers\\BladeCompiler->usingEchoFormat(\'new \\\\Illuminate...\', Object(Closure))\n#13 C:\\xampp8.2\\htdocs\\hipsterB\\test-app\\vendor\\laravel\\framework\\src\\Illuminate\\Mail\\Mailable.php(387): Illuminate\\Mail\\Markdown->render(\'emails.discount...\', Array)\n#14 C:\\xampp8.2\\htdocs\\hipsterB\\test-app\\vendor\\laravel\\framework\\src\\Illuminate\\Collections\\helpers.php(266): Illuminate\\Mail\\Mailable->Illuminate\\Mail\\{closure}(Array)\n#15 C:\\xampp8.2\\htdocs\\hipsterB\\test-app\\vendor\\laravel\\framework\\src\\Illuminate\\Mail\\Mailer.php(440): value(Object(Closure), Array)\n#16 C:\\xampp8.2\\htdocs\\hipsterB\\test-app\\vendor\\laravel\\framework\\src\\Illuminate\\Mail\\Mailer.php(419): Illuminate\\Mail\\Mailer->renderView(Object(Closure), Array)\n#17 C:\\xampp8.2\\htdocs\\hipsterB\\test-app\\vendor\\laravel\\framework\\src\\Illuminate\\Mail\\Mailer.php(312): Illuminate\\Mail\\Mailer->addContent(Object(Illuminate\\Mail\\Message), Object(Closure), Object(Closure), NULL, Array)\n#18 C:\\xampp8.2\\htdocs\\hipsterB\\test-app\\vendor\\laravel\\framework\\src\\Illuminate\\Mail\\Mailable.php(207): Illuminate\\Mail\\Mailer->send(Object(Closure), Array, Object(Closure))\n#19 C:\\xampp8.2\\htdocs\\hipsterB\\test-app\\vendor\\laravel\\framework\\src\\Illuminate\\Support\\Traits\\Localizable.php(19): Illuminate\\Mail\\Mailable->Illuminate\\Mail\\{closure}()\n#20 C:\\xampp8.2\\htdocs\\hipsterB\\test-app\\vendor\\laravel\\framework\\src\\Illuminate\\Mail\\Mailable.php(200): Illuminate\\Mail\\Mailable->withLocale(NULL, Object(Closure))\n#21 C:\\xampp8.2\\htdocs\\hipsterB\\test-app\\vendor\\laravel\\framework\\src\\Illuminate\\Mail\\SendQueuedMailable.php(82): Illuminate\\Mail\\Mailable->send(Object(Illuminate\\Mail\\MailManager))\n#22 C:\\xampp8.2\\htdocs\\hipsterB\\test-app\\vendor\\laravel\\framework\\src\\Illuminate\\Container\\BoundMethod.php(36): Illuminate\\Mail\\SendQueuedMailable->handle(Object(Illuminate\\Mail\\MailManager))\n#23 C:\\xampp8.2\\htdocs\\hipsterB\\test-app\\vendor\\laravel\\framework\\src\\Illuminate\\Container\\Util.php(43): Illuminate\\Container\\BoundMethod::Illuminate\\Container\\{closure}()\n#24 C:\\xampp8.2\\htdocs\\hipsterB\\test-app\\vendor\\laravel\\framework\\src\\Illuminate\\Container\\BoundMethod.php(96): Illuminate\\Container\\Util::unwrapIfClosure(Object(Closure))\n#25 C:\\xampp8.2\\htdocs\\hipsterB\\test-app\\vendor\\laravel\\framework\\src\\Illuminate\\Container\\BoundMethod.php(35): Illuminate\\Container\\BoundMethod::callBoundMethod(Object(Illuminate\\Foundation\\Application), Array, Object(Closure))\n#26 C:\\xampp8.2\\htdocs\\hipsterB\\test-app\\vendor\\laravel\\framework\\src\\Illuminate\\Container\\Container.php(799): Illuminate\\Container\\BoundMethod::call(Object(Illuminate\\Foundation\\Application), Array, Array, NULL)\n#27 C:\\xampp8.2\\htdocs\\hipsterB\\test-app\\vendor\\laravel\\framework\\src\\Illuminate\\Bus\\Dispatcher.php(129): Illuminate\\Container\\Container->call(Array)\n#28 C:\\xampp8.2\\htdocs\\hipsterB\\test-app\\vendor\\laravel\\framework\\src\\Illuminate\\Pipeline\\Pipeline.php(180): Illuminate\\Bus\\Dispatcher->Illuminate\\Bus\\{closure}(Object(Illuminate\\Mail\\SendQueuedMailable))\n#29 C:\\xampp8.2\\htdocs\\hipsterB\\test-app\\vendor\\laravel\\framework\\src\\Illuminate\\Pipeline\\Pipeline.php(137): Illuminate\\Pipeline\\Pipeline->Illuminate\\Pipeline\\{closure}(Object(Illuminate\\Mail\\SendQueuedMailable))\n#30 C:\\xampp8.2\\htdocs\\hipsterB\\test-app\\vendor\\laravel\\framework\\src\\Illuminate\\Bus\\Dispatcher.php(133): Illuminate\\Pipeline\\Pipeline->then(Object(Closure))\n#31 C:\\xampp8.2\\htdocs\\hipsterB\\test-app\\vendor\\laravel\\framework\\src\\Illuminate\\Queue\\CallQueuedHandler.php(134): Illuminate\\Bus\\Dispatcher->dispatchNow(Object(Illuminate\\Mail\\SendQueuedMailable), false)\n#32 C:\\xampp8.2\\htdocs\\hipsterB\\test-app\\vendor\\laravel\\framework\\src\\Illuminate\\Pipeline\\Pipeline.php(180): Illuminate\\Queue\\CallQueuedHandler->Illuminate\\Queue\\{closure}(Object(Illuminate\\Mail\\SendQueuedMailable))\n#33 C:\\xampp8.2\\htdocs\\hipsterB\\test-app\\vendor\\laravel\\framework\\src\\Illuminate\\Pipeline\\Pipeline.php(137): Illuminate\\Pipeline\\Pipeline->Illuminate\\Pipeline\\{closure}(Object(Illuminate\\Mail\\SendQueuedMailable))\n#34 C:\\xampp8.2\\htdocs\\hipsterB\\test-app\\vendor\\laravel\\framework\\src\\Illuminate\\Queue\\CallQueuedHandler.php(127): Illuminate\\Pipeline\\Pipeline->then(Object(Closure))\n#35 C:\\xampp8.2\\htdocs\\hipsterB\\test-app\\vendor\\laravel\\framework\\src\\Illuminate\\Queue\\CallQueuedHandler.php(68): Illuminate\\Queue\\CallQueuedHandler->dispatchThroughMiddleware(Object(Illuminate\\Queue\\Jobs\\DatabaseJob), Object(Illuminate\\Mail\\SendQueuedMailable))\n#36 C:\\xampp8.2\\htdocs\\hipsterB\\test-app\\vendor\\laravel\\framework\\src\\Illuminate\\Queue\\Jobs\\Job.php(102): Illuminate\\Queue\\CallQueuedHandler->call(Object(Illuminate\\Queue\\Jobs\\DatabaseJob), Array)\n#37 C:\\xampp8.2\\htdocs\\hipsterB\\test-app\\vendor\\laravel\\framework\\src\\Illuminate\\Queue\\Worker.php(487): Illuminate\\Queue\\Jobs\\Job->fire()\n#38 C:\\xampp8.2\\htdocs\\hipsterB\\test-app\\vendor\\laravel\\framework\\src\\Illuminate\\Queue\\Worker.php(437): Illuminate\\Queue\\Worker->process(\'database\', Object(Illuminate\\Queue\\Jobs\\DatabaseJob), Object(Illuminate\\Queue\\WorkerOptions))\n#39 C:\\xampp8.2\\htdocs\\hipsterB\\test-app\\vendor\\laravel\\framework\\src\\Illuminate\\Queue\\Worker.php(201): Illuminate\\Queue\\Worker->runJob(Object(Illuminate\\Queue\\Jobs\\DatabaseJob), \'database\', Object(Illuminate\\Queue\\WorkerOptions))\n#40 C:\\xampp8.2\\htdocs\\hipsterB\\test-app\\vendor\\laravel\\framework\\src\\Illuminate\\Queue\\Console\\WorkCommand.php(148): Illuminate\\Queue\\Worker->daemon(\'database\', \'default\', Object(Illuminate\\Queue\\WorkerOptions))\n#41 C:\\xampp8.2\\htdocs\\hipsterB\\test-app\\vendor\\laravel\\framework\\src\\Illuminate\\Queue\\Console\\WorkCommand.php(131): Illuminate\\Queue\\Console\\WorkCommand->runWorker(\'database\', \'default\')\n#42 C:\\xampp8.2\\htdocs\\hipsterB\\test-app\\vendor\\laravel\\framework\\src\\Illuminate\\Container\\BoundMethod.php(36): Illuminate\\Queue\\Console\\WorkCommand->handle()\n#43 C:\\xampp8.2\\htdocs\\hipsterB\\test-app\\vendor\\laravel\\framework\\src\\Illuminate\\Container\\Util.php(43): Illuminate\\Container\\BoundMethod::Illuminate\\Container\\{closure}()\n#44 C:\\xampp8.2\\htdocs\\hipsterB\\test-app\\vendor\\laravel\\framework\\src\\Illuminate\\Container\\BoundMethod.php(96): Illuminate\\Container\\Util::unwrapIfClosure(Object(Closure))\n#45 C:\\xampp8.2\\htdocs\\hipsterB\\test-app\\vendor\\laravel\\framework\\src\\Illuminate\\Container\\BoundMethod.php(35): Illuminate\\Container\\BoundMethod::callBoundMethod(Object(Illuminate\\Foundation\\Application), Array, Object(Closure))\n#46 C:\\xampp8.2\\htdocs\\hipsterB\\test-app\\vendor\\laravel\\framework\\src\\Illuminate\\Container\\Container.php(799): Illuminate\\Container\\BoundMethod::call(Object(Illuminate\\Foundation\\Application), Array, Array, NULL)\n#47 C:\\xampp8.2\\htdocs\\hipsterB\\test-app\\vendor\\laravel\\framework\\src\\Illuminate\\Console\\Command.php(211): Illuminate\\Container\\Container->call(Array)\n#48 C:\\xampp8.2\\htdocs\\hipsterB\\test-app\\vendor\\symfony\\console\\Command\\Command.php(341): Illuminate\\Console\\Command->execute(Object(Symfony\\Component\\Console\\Input\\ArgvInput), Object(Illuminate\\Console\\OutputStyle))\n#49 C:\\xampp8.2\\htdocs\\hipsterB\\test-app\\vendor\\laravel\\framework\\src\\Illuminate\\Console\\Command.php(180): Symfony\\Component\\Console\\Command\\Command->run(Object(Symfony\\Component\\Console\\Input\\ArgvInput), Object(Illuminate\\Console\\OutputStyle))\n#50 C:\\xampp8.2\\htdocs\\hipsterB\\test-app\\vendor\\symfony\\console\\Application.php(1102): Illuminate\\Console\\Command->run(Object(Symfony\\Component\\Console\\Input\\ArgvInput), Object(Symfony\\Component\\Console\\Output\\ConsoleOutput))\n#51 C:\\xampp8.2\\htdocs\\hipsterB\\test-app\\vendor\\symfony\\console\\Application.php(356): Symfony\\Component\\Console\\Application->doRunCommand(Object(Illuminate\\Queue\\Console\\WorkCommand), Object(Symfony\\Component\\Console\\Input\\ArgvInput), Object(Symfony\\Component\\Console\\Output\\ConsoleOutput))\n#52 C:\\xampp8.2\\htdocs\\hipsterB\\test-app\\vendor\\symfony\\console\\Application.php(195): Symfony\\Component\\Console\\Application->doRun(Object(Symfony\\Component\\Console\\Input\\ArgvInput), Object(Symfony\\Component\\Console\\Output\\ConsoleOutput))\n#53 C:\\xampp8.2\\htdocs\\hipsterB\\test-app\\vendor\\laravel\\framework\\src\\Illuminate\\Foundation\\Console\\Kernel.php(198): Symfony\\Component\\Console\\Application->run(Object(Symfony\\Component\\Console\\Input\\ArgvInput), Object(Symfony\\Component\\Console\\Output\\ConsoleOutput))\n#54 C:\\xampp8.2\\htdocs\\hipsterB\\test-app\\vendor\\laravel\\framework\\src\\Illuminate\\Foundation\\Application.php(1235): Illuminate\\Foundation\\Console\\Kernel->handle(Object(Symfony\\Component\\Console\\Input\\ArgvInput), Object(Symfony\\Component\\Console\\Output\\ConsoleOutput))\n#55 C:\\xampp8.2\\htdocs\\hipsterB\\test-app\\artisan(16): Illuminate\\Foundation\\Application->handleCommand(Object(Symfony\\Component\\Console\\Input\\ArgvInput))\n#56 {main}\n\nNext Illuminate\\View\\ViewException: Route [home] not defined. (View: C:\\xampp8.2\\htdocs\\hipsterB\\test-app\\resources\\views\\emails\\discount-assigned.blade.php) in C:\\xampp8.2\\htdocs\\hipsterB\\test-app\\vendor\\laravel\\framework\\src\\Illuminate\\Routing\\UrlGenerator.php:526\nStack trace:\n#0 C:\\xampp8.2\\htdocs\\hipsterB\\test-app\\vendor\\laravel\\framework\\src\\Illuminate\\View\\Engines\\PhpEngine.php(59): Illuminate\\View\\Engines\\CompilerEngine->handleViewException(Object(Symfony\\Component\\Routing\\Exception\\RouteNotFoundException), 0)\n#1 C:\\xampp8.2\\htdocs\\hipsterB\\test-app\\vendor\\laravel\\framework\\src\\Illuminate\\View\\Engines\\CompilerEngine.php(76): Illuminate\\View\\Engines\\PhpEngine->evaluatePath(\'C:\\\\xampp8.2\\\\htd...\', Array)\n#2 C:\\xampp8.2\\htdocs\\hipsterB\\test-app\\vendor\\laravel\\framework\\src\\Illuminate\\View\\View.php(208): Illuminate\\View\\Engines\\CompilerEngine->get(\'C:\\\\xampp8.2\\\\htd...\', Array)\n#3 C:\\xampp8.2\\htdocs\\hipsterB\\test-app\\vendor\\laravel\\framework\\src\\Illuminate\\View\\View.php(191): Illuminate\\View\\View->getContents()\n#4 C:\\xampp8.2\\htdocs\\hipsterB\\test-app\\vendor\\laravel\\framework\\src\\Illuminate\\View\\View.php(160): Illuminate\\View\\View->renderContents()\n#5 C:\\xampp8.2\\htdocs\\hipsterB\\test-app\\vendor\\laravel\\framework\\src\\Illuminate\\Mail\\Markdown.php(93): Illuminate\\View\\View->render()\n#6 [internal function]: Illuminate\\Mail\\Markdown->Illuminate\\Mail\\{closure}()\n#7 C:\\xampp8.2\\htdocs\\hipsterB\\test-app\\vendor\\laravel\\framework\\src\\Illuminate\\View\\Compilers\\BladeCompiler.php(1040): call_user_func(Object(Closure))\n#8 C:\\xampp8.2\\htdocs\\hipsterB\\test-app\\vendor\\laravel\\framework\\src\\Illuminate\\Mail\\Markdown.php(75): Illuminate\\View\\Compilers\\BladeCompiler->usingEchoFormat(\'new \\\\Illuminate...\', Object(Closure))\n#9 C:\\xampp8.2\\htdocs\\hipsterB\\test-app\\vendor\\laravel\\framework\\src\\Illuminate\\Mail\\Mailable.php(387): Illuminate\\Mail\\Markdown->render(\'emails.discount...\', Array)\n#10 C:\\xampp8.2\\htdocs\\hipsterB\\test-app\\vendor\\laravel\\framework\\src\\Illuminate\\Collections\\helpers.php(266): Illuminate\\Mail\\Mailable->Illuminate\\Mail\\{closure}(Array)\n#11 C:\\xampp8.2\\htdocs\\hipsterB\\test-app\\vendor\\laravel\\framework\\src\\Illuminate\\Mail\\Mailer.php(440): value(Object(Closure), Array)\n#12 C:\\xampp8.2\\htdocs\\hipsterB\\test-app\\vendor\\laravel\\framework\\src\\Illuminate\\Mail\\Mailer.php(419): Illuminate\\Mail\\Mailer->renderView(Object(Closure), Array)\n#13 C:\\xampp8.2\\htdocs\\hipsterB\\test-app\\vendor\\laravel\\framework\\src\\Illuminate\\Mail\\Mailer.php(312): Illuminate\\Mail\\Mailer->addContent(Object(Illuminate\\Mail\\Message), Object(Closure), Object(Closure), NULL, Array)\n#14 C:\\xampp8.2\\htdocs\\hipsterB\\test-app\\vendor\\laravel\\framework\\src\\Illuminate\\Mail\\Mailable.php(207): Illuminate\\Mail\\Mailer->send(Object(Closure), Array, Object(Closure))\n#15 C:\\xampp8.2\\htdocs\\hipsterB\\test-app\\vendor\\laravel\\framework\\src\\Illuminate\\Support\\Traits\\Localizable.php(19): Illuminate\\Mail\\Mailable->Illuminate\\Mail\\{closure}()\n#16 C:\\xampp8.2\\htdocs\\hipsterB\\test-app\\vendor\\laravel\\framework\\src\\Illuminate\\Mail\\Mailable.php(200): Illuminate\\Mail\\Mailable->withLocale(NULL, Object(Closure))\n#17 C:\\xampp8.2\\htdocs\\hipsterB\\test-app\\vendor\\laravel\\framework\\src\\Illuminate\\Mail\\SendQueuedMailable.php(82): Illuminate\\Mail\\Mailable->send(Object(Illuminate\\Mail\\MailManager))\n#18 C:\\xampp8.2\\htdocs\\hipsterB\\test-app\\vendor\\laravel\\framework\\src\\Illuminate\\Container\\BoundMethod.php(36): Illuminate\\Mail\\SendQueuedMailable->handle(Object(Illuminate\\Mail\\MailManager))\n#19 C:\\xampp8.2\\htdocs\\hipsterB\\test-app\\vendor\\laravel\\framework\\src\\Illuminate\\Container\\Util.php(43): Illuminate\\Container\\BoundMethod::Illuminate\\Container\\{closure}()\n#20 C:\\xampp8.2\\htdocs\\hipsterB\\test-app\\vendor\\laravel\\framework\\src\\Illuminate\\Container\\BoundMethod.php(96): Illuminate\\Container\\Util::unwrapIfClosure(Object(Closure))\n#21 C:\\xampp8.2\\htdocs\\hipsterB\\test-app\\vendor\\laravel\\framework\\src\\Illuminate\\Container\\BoundMethod.php(35): Illuminate\\Container\\BoundMethod::callBoundMethod(Object(Illuminate\\Foundation\\Application), Array, Object(Closure))\n#22 C:\\xampp8.2\\htdocs\\hipsterB\\test-app\\vendor\\laravel\\framework\\src\\Illuminate\\Container\\Container.php(799): Illuminate\\Container\\BoundMethod::call(Object(Illuminate\\Foundation\\Application), Array, Array, NULL)\n#23 C:\\xampp8.2\\htdocs\\hipsterB\\test-app\\vendor\\laravel\\framework\\src\\Illuminate\\Bus\\Dispatcher.php(129): Illuminate\\Container\\Container->call(Array)\n#24 C:\\xampp8.2\\htdocs\\hipsterB\\test-app\\vendor\\laravel\\framework\\src\\Illuminate\\Pipeline\\Pipeline.php(180): Illuminate\\Bus\\Dispatcher->Illuminate\\Bus\\{closure}(Object(Illuminate\\Mail\\SendQueuedMailable))\n#25 C:\\xampp8.2\\htdocs\\hipsterB\\test-app\\vendor\\laravel\\framework\\src\\Illuminate\\Pipeline\\Pipeline.php(137): Illuminate\\Pipeline\\Pipeline->Illuminate\\Pipeline\\{closure}(Object(Illuminate\\Mail\\SendQueuedMailable))\n#26 C:\\xampp8.2\\htdocs\\hipsterB\\test-app\\vendor\\laravel\\framework\\src\\Illuminate\\Bus\\Dispatcher.php(133): Illuminate\\Pipeline\\Pipeline->then(Object(Closure))\n#27 C:\\xampp8.2\\htdocs\\hipsterB\\test-app\\vendor\\laravel\\framework\\src\\Illuminate\\Queue\\CallQueuedHandler.php(134): Illuminate\\Bus\\Dispatcher->dispatchNow(Object(Illuminate\\Mail\\SendQueuedMailable), false)\n#28 C:\\xampp8.2\\htdocs\\hipsterB\\test-app\\vendor\\laravel\\framework\\src\\Illuminate\\Pipeline\\Pipeline.php(180): Illuminate\\Queue\\CallQueuedHandler->Illuminate\\Queue\\{closure}(Object(Illuminate\\Mail\\SendQueuedMailable))\n#29 C:\\xampp8.2\\htdocs\\hipsterB\\test-app\\vendor\\laravel\\framework\\src\\Illuminate\\Pipeline\\Pipeline.php(137): Illuminate\\Pipeline\\Pipeline->Illuminate\\Pipeline\\{closure}(Object(Illuminate\\Mail\\SendQueuedMailable))\n#30 C:\\xampp8.2\\htdocs\\hipsterB\\test-app\\vendor\\laravel\\framework\\src\\Illuminate\\Queue\\CallQueuedHandler.php(127): Illuminate\\Pipeline\\Pipeline->then(Object(Closure))\n#31 C:\\xampp8.2\\htdocs\\hipsterB\\test-app\\vendor\\laravel\\framework\\src\\Illuminate\\Queue\\CallQueuedHandler.php(68): Illuminate\\Queue\\CallQueuedHandler->dispatchThroughMiddleware(Object(Illuminate\\Queue\\Jobs\\DatabaseJob), Object(Illuminate\\Mail\\SendQueuedMailable))\n#32 C:\\xampp8.2\\htdocs\\hipsterB\\test-app\\vendor\\laravel\\framework\\src\\Illuminate\\Queue\\Jobs\\Job.php(102): Illuminate\\Queue\\CallQueuedHandler->call(Object(Illuminate\\Queue\\Jobs\\DatabaseJob), Array)\n#33 C:\\xampp8.2\\htdocs\\hipsterB\\test-app\\vendor\\laravel\\framework\\src\\Illuminate\\Queue\\Worker.php(487): Illuminate\\Queue\\Jobs\\Job->fire()\n#34 C:\\xampp8.2\\htdocs\\hipsterB\\test-app\\vendor\\laravel\\framework\\src\\Illuminate\\Queue\\Worker.php(437): Illuminate\\Queue\\Worker->process(\'database\', Object(Illuminate\\Queue\\Jobs\\DatabaseJob), Object(Illuminate\\Queue\\WorkerOptions))\n#35 C:\\xampp8.2\\htdocs\\hipsterB\\test-app\\vendor\\laravel\\framework\\src\\Illuminate\\Queue\\Worker.php(201): Illuminate\\Queue\\Worker->runJob(Object(Illuminate\\Queue\\Jobs\\DatabaseJob), \'database\', Object(Illuminate\\Queue\\WorkerOptions))\n#36 C:\\xampp8.2\\htdocs\\hipsterB\\test-app\\vendor\\laravel\\framework\\src\\Illuminate\\Queue\\Console\\WorkCommand.php(148): Illuminate\\Queue\\Worker->daemon(\'database\', \'default\', Object(Illuminate\\Queue\\WorkerOptions))\n#37 C:\\xampp8.2\\htdocs\\hipsterB\\test-app\\vendor\\laravel\\framework\\src\\Illuminate\\Queue\\Console\\WorkCommand.php(131): Illuminate\\Queue\\Console\\WorkCommand->runWorker(\'database\', \'default\')\n#38 C:\\xampp8.2\\htdocs\\hipsterB\\test-app\\vendor\\laravel\\framework\\src\\Illuminate\\Container\\BoundMethod.php(36): Illuminate\\Queue\\Console\\WorkCommand->handle()\n#39 C:\\xampp8.2\\htdocs\\hipsterB\\test-app\\vendor\\laravel\\framework\\src\\Illuminate\\Container\\Util.php(43): Illuminate\\Container\\BoundMethod::Illuminate\\Container\\{closure}()\n#40 C:\\xampp8.2\\htdocs\\hipsterB\\test-app\\vendor\\laravel\\framework\\src\\Illuminate\\Container\\BoundMethod.php(96): Illuminate\\Container\\Util::unwrapIfClosure(Object(Closure))\n#41 C:\\xampp8.2\\htdocs\\hipsterB\\test-app\\vendor\\laravel\\framework\\src\\Illuminate\\Container\\BoundMethod.php(35): Illuminate\\Container\\BoundMethod::callBoundMethod(Object(Illuminate\\Foundation\\Application), Array, Object(Closure))\n#42 C:\\xampp8.2\\htdocs\\hipsterB\\test-app\\vendor\\laravel\\framework\\src\\Illuminate\\Container\\Container.php(799): Illuminate\\Container\\BoundMethod::call(Object(Illuminate\\Foundation\\Application), Array, Array, NULL)\n#43 C:\\xampp8.2\\htdocs\\hipsterB\\test-app\\vendor\\laravel\\framework\\src\\Illuminate\\Console\\Command.php(211): Illuminate\\Container\\Container->call(Array)\n#44 C:\\xampp8.2\\htdocs\\hipsterB\\test-app\\vendor\\symfony\\console\\Command\\Command.php(341): Illuminate\\Console\\Command->execute(Object(Symfony\\Component\\Console\\Input\\ArgvInput), Object(Illuminate\\Console\\OutputStyle))\n#45 C:\\xampp8.2\\htdocs\\hipsterB\\test-app\\vendor\\laravel\\framework\\src\\Illuminate\\Console\\Command.php(180): Symfony\\Component\\Console\\Command\\Command->run(Object(Symfony\\Component\\Console\\Input\\ArgvInput), Object(Illuminate\\Console\\OutputStyle))\n#46 C:\\xampp8.2\\htdocs\\hipsterB\\test-app\\vendor\\symfony\\console\\Application.php(1102): Illuminate\\Console\\Command->run(Object(Symfony\\Component\\Console\\Input\\ArgvInput), Object(Symfony\\Component\\Console\\Output\\ConsoleOutput))\n#47 C:\\xampp8.2\\htdocs\\hipsterB\\test-app\\vendor\\symfony\\console\\Application.php(356): Symfony\\Component\\Console\\Application->doRunCommand(Object(Illuminate\\Queue\\Console\\WorkCommand), Object(Symfony\\Component\\Console\\Input\\ArgvInput), Object(Symfony\\Component\\Console\\Output\\ConsoleOutput))\n#48 C:\\xampp8.2\\htdocs\\hipsterB\\test-app\\vendor\\symfony\\console\\Application.php(195): Symfony\\Component\\Console\\Application->doRun(Object(Symfony\\Component\\Console\\Input\\ArgvInput), Object(Symfony\\Component\\Console\\Output\\ConsoleOutput))\n#49 C:\\xampp8.2\\htdocs\\hipsterB\\test-app\\vendor\\laravel\\framework\\src\\Illuminate\\Foundation\\Console\\Kernel.php(198): Symfony\\Component\\Console\\Application->run(Object(Symfony\\Component\\Console\\Input\\ArgvInput), Object(Symfony\\Component\\Console\\Output\\ConsoleOutput))\n#50 C:\\xampp8.2\\htdocs\\hipsterB\\test-app\\vendor\\laravel\\framework\\src\\Illuminate\\Foundation\\Application.php(1235): Illuminate\\Foundation\\Console\\Kernel->handle(Object(Symfony\\Component\\Console\\Input\\ArgvInput), Object(Symfony\\Component\\Console\\Output\\ConsoleOutput))\n#51 C:\\xampp8.2\\htdocs\\hipsterB\\test-app\\artisan(16): Illuminate\\Foundation\\Application->handleCommand(Object(Symfony\\Component\\Console\\Input\\ArgvInput))\n#52 {main}', '2026-01-08 07:46:20');

-- --------------------------------------------------------

--
-- Table structure for table `jobs`
--

CREATE TABLE `jobs` (
  `id` bigint(20) UNSIGNED NOT NULL,
  `queue` varchar(255) NOT NULL,
  `payload` longtext NOT NULL,
  `attempts` tinyint(3) UNSIGNED NOT NULL,
  `reserved_at` int(10) UNSIGNED DEFAULT NULL,
  `available_at` int(10) UNSIGNED NOT NULL,
  `created_at` int(10) UNSIGNED NOT NULL
) ENGINE=InnoDB DEFAULT CHARSET=utf8mb4 COLLATE=utf8mb4_unicode_ci;

-- --------------------------------------------------------

--
-- Table structure for table `job_batches`
--

CREATE TABLE `job_batches` (
  `id` varchar(255) NOT NULL,
  `name` varchar(255) NOT NULL,
  `total_jobs` int(11) NOT NULL,
  `pending_jobs` int(11) NOT NULL,
  `failed_jobs` int(11) NOT NULL,
  `failed_job_ids` longtext NOT NULL,
  `options` mediumtext DEFAULT NULL,
  `cancelled_at` int(11) DEFAULT NULL,
  `created_at` int(11) NOT NULL,
  `finished_at` int(11) DEFAULT NULL
) ENGINE=InnoDB DEFAULT CHARSET=utf8mb4 COLLATE=utf8mb4_unicode_ci;

-- --------------------------------------------------------

--
-- Table structure for table `migrations`
--

CREATE TABLE `migrations` (
  `id` int(10) UNSIGNED NOT NULL,
  `migration` varchar(255) NOT NULL,
  `batch` int(11) NOT NULL
) ENGINE=InnoDB DEFAULT CHARSET=utf8mb4 COLLATE=utf8mb4_unicode_ci;

--
-- Dumping data for table `migrations`
--

INSERT INTO `migrations` (`id`, `migration`, `batch`) VALUES
(1, '0001_01_01_000000_create_users_table', 1),
(2, '0001_01_01_000001_create_cache_table', 1),
(3, '0001_01_01_000002_create_jobs_table', 1),
(4, '2026_01_05_000001_create_discounts_table', 2),
(5, '2026_01_05_000002_create_user_discounts_table', 2),
(6, '2026_01_05_000003_create_discount_audits_table', 2);

-- --------------------------------------------------------

--
-- Table structure for table `password_reset_tokens`
--

CREATE TABLE `password_reset_tokens` (
  `email` varchar(255) NOT NULL,
  `token` varchar(255) NOT NULL,
  `created_at` timestamp NULL DEFAULT NULL
) ENGINE=InnoDB DEFAULT CHARSET=utf8mb4 COLLATE=utf8mb4_unicode_ci;

-- --------------------------------------------------------

--
-- Table structure for table `sessions`
--

CREATE TABLE `sessions` (
  `id` varchar(255) NOT NULL,
  `user_id` bigint(20) UNSIGNED DEFAULT NULL,
  `ip_address` varchar(45) DEFAULT NULL,
  `user_agent` text DEFAULT NULL,
  `payload` longtext NOT NULL,
  `last_activity` int(11) NOT NULL
) ENGINE=InnoDB DEFAULT CHARSET=utf8mb4 COLLATE=utf8mb4_unicode_ci;

--
-- Dumping data for table `sessions`
--

INSERT INTO `sessions` (`id`, `user_id`, `ip_address`, `user_agent`, `payload`, `last_activity`) VALUES
('M1B5M3vqJtStc12VO3Wu0p1CbLFlOSliEY6WTbRn', NULL, '127.0.0.1', 'Mozilla/5.0 (Windows NT 10.0; Win64; x64) AppleWebKit/537.36 (KHTML, like Gecko) Chrome/143.0.0.0 Safari/537.36', 'YTozOntzOjY6Il90b2tlbiI7czo0MDoiS1NUcFY0ZERuS2V1ZXF6V1QydG5NZkVqbFNIejk1S2hlTWNCQ2NCUyI7czo5OiJfcHJldmlvdXMiO2E6Mjp7czozOiJ1cmwiO3M6MjE6Imh0dHA6Ly8xMjcuMC4wLjE6ODAwMCI7czo1OiJyb3V0ZSI7czoxNDoiZGlzY291bnRzLnRlc3QiO31zOjY6Il9mbGFzaCI7YToyOntzOjM6Im9sZCI7YTowOnt9czozOiJuZXciO2E6MDp7fX19', 1767880074);

-- --------------------------------------------------------

--
-- Table structure for table `users`
--

CREATE TABLE `users` (
  `id` bigint(20) UNSIGNED NOT NULL,
  `name` varchar(255) NOT NULL,
  `email` varchar(255) NOT NULL,
  `email_verified_at` timestamp NULL DEFAULT NULL,
  `password` varchar(255) NOT NULL,
  `remember_token` varchar(100) DEFAULT NULL,
  `created_at` timestamp NULL DEFAULT NULL,
  `updated_at` timestamp NULL DEFAULT NULL
) ENGINE=InnoDB DEFAULT CHARSET=utf8mb4 COLLATE=utf8mb4_unicode_ci;

--
-- Dumping data for table `users`
--

INSERT INTO `users` (`id`, `name`, `email`, `email_verified_at`, `password`, `remember_token`, `created_at`, `updated_at`) VALUES
(1, 'test', 'test@gmail.com', NULL, 'test@123', NULL, NULL, NULL),
(2, 'Stanley Lang', 'dayana.bahringer@example.net', '2026-01-05 23:51:05', '$2y$12$gE1tNaeXu6ueFmFKxiNAHuPrYz7QW0DgxTzJ8yJwYjDEf1l/1dRW.', 'jTrlagGn5y', '2026-01-05 23:51:06', '2026-01-05 23:51:06'),
(3, 'Ashlee Fay', 'giovanny82@example.com', '2026-01-05 23:55:38', '$2y$12$p7g7XP6C6x8WRtPXuwz0J.OUfsCw9TfGB25mOnTUEgxI7QRLtxg/S', 'EUDPWOmMmA', '2026-01-05 23:55:39', '2026-01-05 23:55:39'),
(4, 'Dr. Josefa Collins', 'nwitting@example.net', '2026-01-06 00:04:31', '$2y$12$BTH4Uk/IZ.LQIw4ZSkFqI.GUad.r5DljHqOFNl3eN1.Q//Dix9P9q', 'NEX7lrrEOH', '2026-01-06 00:04:31', '2026-01-06 00:04:31'),
(5, 'Prof. Juston Von Jr.', 'franecki.kieran@example.net', '2026-01-06 00:13:52', '$2y$12$Phfi5gKpWMMecMJZ2vSdnOausUqMp1l.tWOtFU7DTq9ygLVMuMNiS', 'GGNOuumzv6', '2026-01-06 00:13:52', '2026-01-06 00:13:52'),
(6, 'Test User', 'test@example.com', NULL, '$2y$12$WUDv8GiX2YrD/waBtynWWOVd4HjNny6brIWAesA9WQ5O70AQVDE4a', NULL, '2026-01-07 09:22:13', '2026-01-07 09:22:13'),
(7, 'Narendra', 'pandeynarendra@gmail.com', NULL, '$2y$12$eys1b9.moJ5shEiHdzW.HejwExJ0Ats5Yc0IiPFhkmZigntG8HGsO', NULL, '2026-01-08 07:43:43', '2026-01-08 07:43:43');

-- --------------------------------------------------------

--
-- Table structure for table `user_discounts`
--

CREATE TABLE `user_discounts` (
  `id` bigint(20) UNSIGNED NOT NULL,
  `user_id` bigint(20) UNSIGNED NOT NULL,
  `discount_id` bigint(20) UNSIGNED NOT NULL,
  `assigned_at` timestamp NOT NULL DEFAULT current_timestamp(),
  `revoked_at` timestamp NULL DEFAULT NULL,
  `usage_count` int(10) UNSIGNED NOT NULL DEFAULT 0,
  `created_at` timestamp NULL DEFAULT NULL,
  `updated_at` timestamp NULL DEFAULT NULL
) ENGINE=InnoDB DEFAULT CHARSET=utf8mb4 COLLATE=utf8mb4_unicode_ci;

--
-- Dumping data for table `user_discounts`
--

INSERT INTO `user_discounts` (`id`, `user_id`, `discount_id`, `assigned_at`, `revoked_at`, `usage_count`, `created_at`, `updated_at`) VALUES
(1, 5, 10, '2026-01-06 00:13:52', NULL, 0, '2026-01-06 00:13:52', '2026-01-06 00:13:52'),
(2, 1, 4, '2026-01-07 09:26:15', '2026-01-07 10:28:10', 4, '2026-01-07 09:26:15', '2026-01-07 10:28:10'),
(3, 1, 11, '2026-01-07 09:44:25', '2026-01-07 09:44:57', 0, '2026-01-07 09:44:25', '2026-01-07 09:44:57'),
(4, 1, 3, '2026-01-07 09:52:42', NULL, 2, '2026-01-07 09:52:42', '2026-01-07 10:24:33'),
(5, 1, 12, '2026-01-07 10:24:16', '2026-01-07 10:27:56', 2, '2026-01-07 10:24:16', '2026-01-07 10:27:56'),
(6, 6, 12, '2026-01-07 10:49:17', NULL, 4, '2026-01-07 10:49:17', '2026-01-08 07:32:47'),
(7, 6, 11, '2026-01-07 12:10:16', NULL, 3, '2026-01-07 12:10:16', '2026-01-08 05:02:56'),
(8, 6, 16, '2026-01-08 07:32:55', '2026-01-08 07:33:09', 0, '2026-01-08 07:32:55', '2026-01-08 07:33:09'),
(9, 6, 17, '2026-01-08 07:46:14', NULL, 1, '2026-01-08 07:46:14', '2026-01-08 07:46:24'),
(10, 6, 16, '2026-01-08 07:46:17', NULL, 1, '2026-01-08 07:46:17', '2026-01-08 07:46:24'),
(11, 6, 10, '2026-01-08 07:52:11', '2026-01-08 08:17:18', 2, '2026-01-08 07:52:11', '2026-01-08 08:17:18'),
(12, 6, 14, '2026-01-08 08:06:34', NULL, 1, '2026-01-08 08:06:34', '2026-01-08 08:15:28'),
(13, 6, 13, '2026-01-08 08:16:25', NULL, 1, '2026-01-08 08:16:25', '2026-01-08 08:17:42');

--
-- Indexes for dumped tables
--

--
-- Indexes for table `cache`
--
ALTER TABLE `cache`
  ADD PRIMARY KEY (`key`);

--
-- Indexes for table `cache_locks`
--
ALTER TABLE `cache_locks`
  ADD PRIMARY KEY (`key`);

--
-- Indexes for table `discounts`
--
ALTER TABLE `discounts`
  ADD PRIMARY KEY (`id`),
  ADD UNIQUE KEY `discounts_name_unique` (`name`),
  ADD UNIQUE KEY `discounts_code_unique` (`code`);

--
-- Indexes for table `discount_audits`
--
ALTER TABLE `discount_audits`
  ADD PRIMARY KEY (`id`),
  ADD KEY `discount_audits_discount_id_foreign` (`discount_id`),
  ADD KEY `discount_audits_user_id_discount_id_index` (`user_id`,`discount_id`),
  ADD KEY `discount_audits_action_index` (`action`),
  ADD KEY `discount_audits_applied_at_index` (`applied_at`);

--
-- Indexes for table `failed_jobs`
--
ALTER TABLE `failed_jobs`
  ADD PRIMARY KEY (`id`),
  ADD UNIQUE KEY `failed_jobs_uuid_unique` (`uuid`);

--
-- Indexes for table `jobs`
--
ALTER TABLE `jobs`
  ADD PRIMARY KEY (`id`),
  ADD KEY `jobs_queue_index` (`queue`);

--
-- Indexes for table `job_batches`
--
ALTER TABLE `job_batches`
  ADD PRIMARY KEY (`id`);

--
-- Indexes for table `migrations`
--
ALTER TABLE `migrations`
  ADD PRIMARY KEY (`id`);

--
-- Indexes for table `password_reset_tokens`
--
ALTER TABLE `password_reset_tokens`
  ADD PRIMARY KEY (`email`);

--
-- Indexes for table `sessions`
--
ALTER TABLE `sessions`
  ADD PRIMARY KEY (`id`),
  ADD KEY `sessions_user_id_index` (`user_id`),
  ADD KEY `sessions_last_activity_index` (`last_activity`);

--
-- Indexes for table `users`
--
ALTER TABLE `users`
  ADD PRIMARY KEY (`id`),
  ADD UNIQUE KEY `users_email_unique` (`email`);

--
-- Indexes for table `user_discounts`
--
ALTER TABLE `user_discounts`
  ADD PRIMARY KEY (`id`),
  ADD UNIQUE KEY `user_discounts_user_id_discount_id_revoked_at_unique` (`user_id`,`discount_id`,`revoked_at`),
  ADD KEY `user_discounts_discount_id_foreign` (`discount_id`),
  ADD KEY `user_discounts_user_id_discount_id_index` (`user_id`,`discount_id`);

--
-- AUTO_INCREMENT for dumped tables
--

--
-- AUTO_INCREMENT for table `discounts`
--
ALTER TABLE `discounts`
  MODIFY `id` bigint(20) UNSIGNED NOT NULL AUTO_INCREMENT, AUTO_INCREMENT=18;

--
-- AUTO_INCREMENT for table `discount_audits`
--
ALTER TABLE `discount_audits`
  MODIFY `id` bigint(20) UNSIGNED NOT NULL AUTO_INCREMENT, AUTO_INCREMENT=44;

--
-- AUTO_INCREMENT for table `failed_jobs`
--
ALTER TABLE `failed_jobs`
  MODIFY `id` bigint(20) UNSIGNED NOT NULL AUTO_INCREMENT, AUTO_INCREMENT=7;

--
-- AUTO_INCREMENT for table `jobs`
--
ALTER TABLE `jobs`
  MODIFY `id` bigint(20) UNSIGNED NOT NULL AUTO_INCREMENT, AUTO_INCREMENT=19;

--
-- AUTO_INCREMENT for table `migrations`
--
ALTER TABLE `migrations`
  MODIFY `id` int(10) UNSIGNED NOT NULL AUTO_INCREMENT, AUTO_INCREMENT=7;

--
-- AUTO_INCREMENT for table `users`
--
ALTER TABLE `users`
  MODIFY `id` bigint(20) UNSIGNED NOT NULL AUTO_INCREMENT, AUTO_INCREMENT=8;

--
-- AUTO_INCREMENT for table `user_discounts`
--
ALTER TABLE `user_discounts`
  MODIFY `id` bigint(20) UNSIGNED NOT NULL AUTO_INCREMENT, AUTO_INCREMENT=14;

--
-- Constraints for dumped tables
--

--
-- Constraints for table `discount_audits`
--
ALTER TABLE `discount_audits`
  ADD CONSTRAINT `discount_audits_discount_id_foreign` FOREIGN KEY (`discount_id`) REFERENCES `discounts` (`id`) ON DELETE CASCADE,
  ADD CONSTRAINT `discount_audits_user_id_foreign` FOREIGN KEY (`user_id`) REFERENCES `users` (`id`) ON DELETE CASCADE;

--
-- Constraints for table `user_discounts`
--
ALTER TABLE `user_discounts`
  ADD CONSTRAINT `user_discounts_discount_id_foreign` FOREIGN KEY (`discount_id`) REFERENCES `discounts` (`id`) ON DELETE CASCADE,
  ADD CONSTRAINT `user_discounts_user_id_foreign` FOREIGN KEY (`user_id`) REFERENCES `users` (`id`) ON DELETE CASCADE;
COMMIT;

/*!40101 SET CHARACTER_SET_CLIENT=@OLD_CHARACTER_SET_CLIENT */;
/*!40101 SET CHARACTER_SET_RESULTS=@OLD_CHARACTER_SET_RESULTS */;
/*!40101 SET COLLATION_CONNECTION=@OLD_COLLATION_CONNECTION */;
